Query,Method,Rank,Similarity Score (%),Text,Psalm Num,Verse,Scored,Score
prayer,TF-IDF + GloVe,3,13.46,Bible,56,1For the End corrupt not by David for a pillar inscription when he escaped from the face  of Saul to the cave Have mercy on me O God have mercy on me For my soul trusts in You And in the shadow of Your wings I will hope Until lawlessness shall pass away I will cry out to God most High My God whois my benefactor He sent from heaven and saved me He gave over to disgrace those who trample me down Pause God sent out His mercy and His truth And delivered my soul from the midst of young lions Although troubled I fell asleep As for the sons of men their teeth are a weapon and arrows And their tongue is a sharp dagger Be exalted O God above the heavens And Your glory above all the earth They prepared a trap for my feet And they bowed down my soul They dug a pit before my face But they fell into it Pause My heart is ready O God My heart is ready I will sing and I will sing a psalm Awake my glory Awake harp and lyre I will arise at dawn I will give thanks to You O Lord among the peoples I will sing to You among the Gentiles For Your mercy is magnified to the heavens And Your truth to the clouds Be exalted O God above the heavens And Your glory above all the earth,False,4
prayer,BERT,3,39.39,Psalter,42,"Judge me, God, and give judgment in my cause against a nation that is not holy; deliver me from an unjust and deceitful man. For Thou, O God, art my strength: why hast Thou cast me off, and why go I mourning while mine enemy oppresseth me? O send out Thy light and Thy truth; they have led me, and brought me unto Thy holy mount, and to Thy tabernacles. And I will go unto the altar of God, unto God Which giveth gladness to my youth; upon the harp will I praise Thee, O God, my God. Why art thou cast down, O my soul, and why dost thou disquiet me? Hope thou in God, for I shall praise Him, the salvation of my countenance, and my God.",False,3
prayer,SBERT,3,7.11,Psalter,134,"Praise ye the name of the Lord; O ye servants, praise the Lord, Ye that stand in the house of the Lord, in the courts of the house of our God. Praise the Lord, for the Lord is good; sing praises unto His name, for it is good. For the Lord hath chosen Jacob unto Himself, and Israel for His own possession. For I know that the Lord is great, and that our Lord is above all gods. Whatsoever the Lord willed, that hath He done, in heaven, and in earth, in the seas and all deep places. He bringeth up clouds from the ends of the earth; He made lightnings for the rain; He bringeth winds out of His treasuries. He smote the firstborn of Egypt, from man unto beast. He sent signs and wonders into the midst of thee, O Egypt; unto Pharaoh, and unto all his servants. He smote many nations, and slew mighty kings: Sihon, king of the Amorites, and Og, the king of Bashan; and all the kingdoms of Canaan. And gave their lands for an heritage, an heritage unto Israel His people. Thy name, O Lord, endureth for ever; and Thy memorial from generation to generation. For the Lord will judge His people, and be entreated concerning His servants. The idols of the heathen are silver and gold, the work of men's hands. They have a mouth, but they speak not; eyes have they, but they see not. They have ears, but they hear not; neither is there any breath in their mouths. Let those who make them be like unto them, yea, all that trusteth in them. Bless the Lord, O house of Israel. Bless the Lord, O house of Aaron. Bless the Lord, O house of Levi. Ye that fear the Lord, bless the Lord. Blessed be the Lord out of Zion, Who dwelleth at Jerusalem.",False,2
prayer,TF-IDF,3,19.383477173092334,Bible,141,1Understanding by David when he was in the cave a prayer Icried to the Lord with my voice With my voice I prayed to the Lord I shall pour out my supplication before Him I shall declare my affliction in His presence When my spirit fainted within me Then You knew my paths For on the way Iwas going they hid a trap for me I looked on my right and saw There was no one who knew me Refuge failed me And there was no one who cared for my soul I cried to You O Lord I said You are my hope My portion in the land of the living Attend to my supplication For I was humbled exceedingly Deliver me from my persecutors For they are stronger than I Bring my soul out of prison To give thanks to Your name O Lord The righteous shall wait for me until You reward me,False,1
For the Peace of the world,TF-IDF + GloVe,5,12.74,Bible,11,For the End concerning the eighth a psalm by David Save me O Lord for the holy man has ceased The truthful are diminished from among the sons of men Each one speaks useless things to his neighbor Deceptive lips speak with a double heart May the Lord destroy all deceptive lips And the tongue that speaks boastful things Saying We will make our tongue powerful Our lips are our own Who is lord over us Because of the suffering of the needy And because of the groaning of the poor Now I will arise says the Lord Iwill establish them in salvation I will declare it boldly The words of the Lord are pure words Like silver fired in a furnace of earth Purified seven times You shall guard us O Lord You shall preserve us from this generation forever The ungodly walk in a circle In Your exaltation You highly exalted the sons of men,False,4
For the Peace of the world,BERT,5,52.19,Psalter,46,"O clap your hands, all ye nations; shout unto God with a voice of rejoicing. For the Lord Most High is terrible; He is a great King over all the earth. He hath subdued the people under us, and the nations under our feet. He hath chosen us for His inheritance, the beauty of Jacob which He loved. God is gone up with jubilation, the Lord with the sound of the trumpet. Sing praises to our God, sing praises; sing praises unto our King, sing praises. For God is the king of all the earth; sing ye praises with understanding. God reigneth over the heathen; God sitteth upon His holy throne. The princes of the people are gathered together with the God of Abraham, for God's mighty ones of the earth are greatly exalted.",False,3
For the Peace of the world,SBERT,5,5.87,Psalter,16,"Hear my right, O Lord; attend unto my supplication. Give ear unto my prayer, that goeth not out of feigned lips. Let my judgment come forth from Thy presence; let mine eyes behold the things that are equal. Thou hast proved mine heart; Thou hast visited it in the night; Thou hast tried me by fire, and unrighteousness hath not been found in me. That my mouth may not speak the works of men, for the sake of the words of Thy lips have I kept hard ways. Set Thou my goings in Thy paths, that my footsteps slip not. I have cried, for Thou hast heard me, O God; incline Thine ear unto me, and hear my words. Shew Thy marvellous mercies, O Thou that savest them which put their hope in Thee. From them that have resisted Thy right hand, keep me, O Lord, as the apple of Thine eye. Thou wilt shelter me with the covert of Thy wings, from the face of the ungodly that have troubled me. Mine enemies have compassed my soul; they are inclosed in their own fat, their mouth hath spoken proudly. They cast me forth, and now have compassed me about; they have set their eyes bowing down to the earth. They have taken me like as a lion that is ready for his prey, and as it were a young lion lurking in secret places. Arise, O Lord, prevent them, and supplant them; deliver my soul from the ungodly, Thy sword from the enemies of Thine hand. From Thy few of the earth, O Lord, do Thou separate them in their life; their belly is filled with Thy hid treasures. They have satisfied themselves with swine, and have left the rest of their substance to their babes. As for me, I shall appear before Thy face in righteousness; I shall be satisfied when Thy glory appeareth unto me.",False,2
For the Peace of the world,TF-IDF,5,12.57060277767054,Bible,92,1For the day before the Sabbath when the earth was settled the praise of an ode by  David The Lord reigns He clothed Himself with majesty The Lord clothed and girded Himself with power And He established the world which shall not be moved Your throne is prepared from of old You are from everlasting The rivers O Lord lift up The rivers lift up their voices Because of the voices of their many waters Marvelous are the billows of the sea Wondrous is the Lord on high Your testimonies are very much believed Holiness is proper to Your house O Lord Unto length of days,False,1
"Be thou exalted, O bridegroom, like unto Abrahaml and be thou blessed, like unto isaac; and do thou multiply like unto Joseph, walking in peace, and keeping the comandments of God in righteousness",TF-IDF + GloVe,2,13.98,Bible,122,1An ode of ascents Ilift my eyes to You Whodwell in heaven Behold as the eyes of servants look to the hands of their masters As the eyes of the maidservant look to the hands of her mistress So our eyes look to the Lord our God Until He shall have compassion on us Have mercy on us O Lord have mercy on us For we are greatly filled with contempt Our soul is greatly filled with it We are a disgrace to those who prosper And a contempt to the arrogant,False,4
"Be thou exalted, O bridegroom, like unto Abrahaml and be thou blessed, like unto isaac; and do thou multiply like unto Joseph, walking in peace, and keeping the comandments of God in righteousness",BERT,2,88.98,Bible,103,By David Bless the Lord O my soul O Lord my God You are magnified exceedingly You clothe Yourself with thanksgiving and majesty Who cover Yourself with light as with a garment Who stretch out the heavens like a curtain You are He who covers His upper chambers with waters Who makes the clouds His means of approach Who walks on the wings of the winds Who makes His angels spirits And His ministers a flame of fire He established the earth on its stable foundation It shall not be moved unto ages of ages The deep like a garment is His covering The waters shall stand upon the mountains At Your rebuke they shall flee At the sound of Your thunder they shall be afraid The mountains rise up and the plains sink down To the place You founded for them You set a boundary they shall not pass over Neither shall they return to cover the earth You are He who sends springs into the valley The waters shall pass between the mountains They shall give drink to all the wild animals of the field The wild asses shall quench their thirst The birds of heaven shall dwell beside them They shall sing from the midst of the rocks You are He who waters the mountains from His higher places The earth shall be satisfied with the fruit of Your works You are He who causes grass to grow for the cattle And the green plant for the service of man To bring forth bread from the earth And wine gladdens the heart of man To brighten his face with oil And bread strengthens mans heart The trees of the plain shall be full of fruit The cedars of Lebanon which You planted There the sparrows shall make their nests The house of the heron takes the lead among them The high mountains are for the deer The cliff is a refuge for the rabbits He made the moon for seasons The sun knows its setting You established darkness and it was night Wherein all the wild animals of the forest will prowl about The young lions roar and snatch their prey And seek their food from God The sun arises and they are gathered together And they shall be put to bed in their dens Man shall go out to his work And to his labor until evening O Lord Your works shall be magnified greatly You made all things in wisdom The earth was filled with Your creation There is this great and spacious sea The creeping things are there without number The living things are there both small and great There the ships pass through There is this dragon You formed to play therein All things wait upon You That You may give them food in due season When You give it tothem they shall gather it When You open Your hand all things shall be filled with Your goodness But when You turn Your face away they shall be troubled When You take away their breath they shall die And return again to their dust You shall send forth Your Spirit and they shall be created And You shall renew the face of the earth Let the glory of the Lord be forever The Lord shall be glad in His works He looks upon the earth and makes it tremble He touches the mountains and they smoke I will sing to the Lord all my life I will sing to my God as long as I exist May my words be pleasing to Him And I shall be glad in the Lord May sinners cease from the earth And the lawless so as to be no more Bless the Lord O my soul,False,3
"Be thou exalted, O bridegroom, like unto Abrahaml and be thou blessed, like unto isaac; and do thou multiply like unto Joseph, walking in peace, and keeping the comandments of God in righteousness",SBERT,2,10.62,Psalter,65,"Shout with jubilation unto the Lord, all the earth. Sing praises unto His name, give glory in His praise. Say unto God, How terrible are Thy works! In the greatness of Thy power shall Thine enemies be found liars unto Thee. Let all the earth worship Thee, and sing praises unto Thee; let them sing praises unto Thy name, O Thou Most High. Come and see the works of God, how terrible He is in His counsels over the sons of men. He turneth the sea into dry land; they shall go through the river on foot; there shall we be glad in Him, Which ruleth by His power for ever. His eyes behold the nations; let not them that embitter Him be exalted in themselves. O bless our God, ye nations, and make the voice of His praise to be heard, Which holdeth my soul in life, and suffereth not my feet to be moved. For Thou, O God, hast proved us, and hast tried us by fire, as silver is tried. Thou broughtest us into the snare, Thou laidst afflictions upon our back. Thou didst set men over our heads; we went through fire and water; but Thou broughtest us out into refreshment. I will go into Thy house with an whole burnt offering; I will pay Thee my vows, which my lips have uttered, and my mouth hath spoken, when I was in trouble. I will offer unto Thee whole burnt offerings, full of marrow, with the incense of rams; I will offer unto Thee oxen with goats. Come and hear, all ye that fear God, and I will declare what He hath done for my soul. I cried unto Him with my mouth, and extolled Him with my tongue. If I have regarded unrighteousness in my heart, let not the Lord hear me. Wherefore God hath heard me; He hath attended to the voice of my prayer. Blessed be God, Which hath not turned away my prayer, nor His mercy from me.",False,2
"Be thou exalted, O bridegroom, like unto Abrahaml and be thou blessed, like unto isaac; and do thou multiply like unto Joseph, walking in peace, and keeping the comandments of God in righteousness",TF-IDF,2,13.35013370815751,Psalter,85,"Bow down Thine ear, O Lord, and hear me, for I am poor and needy. Preserve my soul, for I am holy; O Thou my God, save Thy servant that hopeth in Thee. Be merciful unto me, O Lord; for unto Thee will I cry all the day long. Rejoice the soul of Thy servant, for unto Thee have I lifted up my soul. For Thou, Lord, art good and gentle, and plenteous in mercy unto all them that call upon Thee. Give ear, O Lord, unto my prayer, and attend to the voice of my supplication. In the day of my trouble I cried to Thee, for Thou hast heard me. Among the gods there is none like unto Thee, O Lord; neither are there any works like unto Thy works. All the nations whom Thou hast made shall come and worship before Thee, O Lord, and shall glorify Thy name. For Thou art great, and doest wondrous things, Thou art God alone. Guide me in Thy way, O Lord, and I will walk in Thy truth; let my heart rejoice that I may fear Thy name. I will praise Thee, O Lord my God, with all my heart, and I will glorify Thy name for evermore. For great is Thy mercy toward me, and Thou hast delivered my soul from the lowest Hades. O God, the transgressors are risen up against me, and the assembly of the mighty hath sought after my soul, and have not set Thee before them. But Thou, O Lord my God, art full of compassion, and merciful, longsuffering, and plenteous in mercy, and true. O look Thou upon me, and have mercy upon me; give Thy strength unto Thy servant, and save the son of Thine handmaid. Work in me a sign unto good, and let them which hate me see and be ashamed; for Thou, O Lord, hast holpen me, and comforted me.",False,1
For the Peace of the world,TF-IDF + GloVe,4,13.11,Bible,119,An ode of ascents To the Lord in my affliction I cried out and He heard me O Lord deliver my soul from unjust lips And from a deceitful tongue What should be given You and what added to You Against a deceitful tongue The arrows of the Mighty One are sharpened With hot coals from the desert Woe is me My sojourning was prolonged I dwelt with the tents of Kedar My soul sojourned a long time as a resident alien With those who hate peace I was peaceful When I spoke to them they made war against me without cause,False,4
For the Peace of the world,BERT,4,52.83,Psalter,53,"Save me, O God, by Thy name, and judge me by Thy strength. Hear my prayer, O God; give ear to the words of my mouth. For strangers are risen up against me, and the mighty have sought after my soul; and they have not set God before them. For behold, God helpeth me, and the Lord is the protector of my soul. He shall bring evils upon my enemies; cut them off in Thy truth. I will freely sacrifice unto Thee; I will praise Thy name, O Lord, for it is good. For Thou hast delivered me out of every trouble, and mine eye hath looked down upon mine enemies.",False,3
For the Peace of the world,SBERT,4,5.88,Bible,136,By David By the rivers of Babylon There we sat and wept When we remembered Zion Upon the willows in her midst We hung up our musical instruments For there our captors asked us for words from our songs And those who carried us off said to us Sing us the songs of Zion How shall we sing the Lords song In a foreign land If I forget you O Jerusalem May my right hand be forgotten May my tongue be glued to my throat If Idonot remember you If I do not prefer Jerusalem In the beginning of my merriment O Lord remember the sons of Edom On that day in Jerusalem When they were saying Empty it out Empty it out Even to its foundation O wretched daughter of Babylon Blessed is he who shall deal with you As you dealt with us Blessed is he who shall get the upper hand And dash your infants against the rock,False,2
For the Peace of the world,TF-IDF,4,14.183477308107625,Bible,97,A psalm by David Sing a new song to the Lord For He did wondrous things His right hand and His holy arm Saved peoples for Him The Lord made known His salvation He revealed His righteousness in the sight of the Gentiles He remembered His mercy to Jacob And His truth to the house of Israel All the ends of the earth saw the salvation of our God Shout aloud to God all the earth Sing and greatly rejoice and sing psalms Sing to the Lord on a lyre On a lyre and with the voice of a psalm With trumpets of metal and the sound of a trumpet of horn Shout aloud before the Lord our King Let the sea be shaken and its fullness The world and those who dwell in it The rivers shall clap their hands together The mountains shall greatly rejoice For He comes to judge the earth He shall judge the world in righteousness And the peoples with uprightness,False,1
prayer,TF-IDF + GloVe,3,13.46,Bible,56,1For the End corrupt not by David for a pillar inscription when he escaped from the face  of Saul to the cave Have mercy on me O God have mercy on me For my soul trusts in You And in the shadow of Your wings I will hope Until lawlessness shall pass away I will cry out to God most High My God whois my benefactor He sent from heaven and saved me He gave over to disgrace those who trample me down Pause God sent out His mercy and His truth And delivered my soul from the midst of young lions Although troubled I fell asleep As for the sons of men their teeth are a weapon and arrows And their tongue is a sharp dagger Be exalted O God above the heavens And Your glory above all the earth They prepared a trap for my feet And they bowed down my soul They dug a pit before my face But they fell into it Pause My heart is ready O God My heart is ready I will sing and I will sing a psalm Awake my glory Awake harp and lyre I will arise at dawn I will give thanks to You O Lord among the peoples I will sing to You among the Gentiles For Your mercy is magnified to the heavens And Your truth to the clouds Be exalted O God above the heavens And Your glory above all the earth,False,4
prayer,BERT,3,39.39,Psalter,42,"Judge me, God, and give judgment in my cause against a nation that is not holy; deliver me from an unjust and deceitful man. For Thou, O God, art my strength: why hast Thou cast me off, and why go I mourning while mine enemy oppresseth me? O send out Thy light and Thy truth; they have led me, and brought me unto Thy holy mount, and to Thy tabernacles. And I will go unto the altar of God, unto God Which giveth gladness to my youth; upon the harp will I praise Thee, O God, my God. Why art thou cast down, O my soul, and why dost thou disquiet me? Hope thou in God, for I shall praise Him, the salvation of my countenance, and my God.",False,3
prayer,SBERT,3,7.11,Psalter,134,"Praise ye the name of the Lord; O ye servants, praise the Lord, Ye that stand in the house of the Lord, in the courts of the house of our God. Praise the Lord, for the Lord is good; sing praises unto His name, for it is good. For the Lord hath chosen Jacob unto Himself, and Israel for His own possession. For I know that the Lord is great, and that our Lord is above all gods. Whatsoever the Lord willed, that hath He done, in heaven, and in earth, in the seas and all deep places. He bringeth up clouds from the ends of the earth; He made lightnings for the rain; He bringeth winds out of His treasuries. He smote the firstborn of Egypt, from man unto beast. He sent signs and wonders into the midst of thee, O Egypt; unto Pharaoh, and unto all his servants. He smote many nations, and slew mighty kings: Sihon, king of the Amorites, and Og, the king of Bashan; and all the kingdoms of Canaan. And gave their lands for an heritage, an heritage unto Israel His people. Thy name, O Lord, endureth for ever; and Thy memorial from generation to generation. For the Lord will judge His people, and be entreated concerning His servants. The idols of the heathen are silver and gold, the work of men's hands. They have a mouth, but they speak not; eyes have they, but they see not. They have ears, but they hear not; neither is there any breath in their mouths. Let those who make them be like unto them, yea, all that trusteth in them. Bless the Lord, O house of Israel. Bless the Lord, O house of Aaron. Bless the Lord, O house of Levi. Ye that fear the Lord, bless the Lord. Blessed be the Lord out of Zion, Who dwelleth at Jerusalem.",False,2
prayer,TF-IDF,3,19.383477173092334,Bible,141,1Understanding by David when he was in the cave a prayer Icried to the Lord with my voice With my voice I prayed to the Lord I shall pour out my supplication before Him I shall declare my affliction in His presence When my spirit fainted within me Then You knew my paths For on the way Iwas going they hid a trap for me I looked on my right and saw There was no one who knew me Refuge failed me And there was no one who cared for my soul I cried to You O Lord I said You are my hope My portion in the land of the living Attend to my supplication For I was humbled exceedingly Deliver me from my persecutors For they are stronger than I Bring my soul out of prison To give thanks to Your name O Lord The righteous shall wait for me until You reward me,False,1
"Have mercy on me, O God, have mercy on me. For my soul trusts in Thee, and in the shadow of Thy wings will I hope, until iniquity pass away.",TF-IDF + GloVe,2,13.98,Bible,122,1An ode of ascents Ilift my eyes to You Whodwell in heaven Behold as the eyes of servants look to the hands of their masters As the eyes of the maidservant look to the hands of her mistress So our eyes look to the Lord our God Until He shall have compassion on us Have mercy on us O Lord have mercy on us For we are greatly filled with contempt Our soul is greatly filled with it We are a disgrace to those who prosper And a contempt to the arrogant,False,4
"Have mercy on me, O God, have mercy on me. For my soul trusts in Thee, and in the shadow of Thy wings will I hope, until iniquity pass away.",BERT,2,86.64,Bible,70,By David of the sons of Jonadab and the first ones taken captive OGod in You I hope may I never be put to shame Deliver me in Your righteousness and set me free Incline Your ear to me and save me Be to me a God for protection And a strong place for salvation For You are my foundation and my refuge O my God deliver me from the hand of the sinner From the hand of those who transgress the law and act unjustly For You are my patience O Lord The Lord is my hope from my youth By You I have been supported from birth From my mothers womb You have been my protector My song shall be always of You Iam become as a wonder tomany And You are my strong helper Let my mouth be filled with Your praise That I may sing of Your glory And of Your magnificence all the day long Do not abandon me in the time of old age When my strength fails do not forsake me For my enemies speak against me And those who watch for my soul plot together Saying God forsook him Pursue and lay hold of him For there is no deliverer O God do not stand far off from me O my God give heed to help me Let those who falsely accuse my soul be shamed and forsaken Let those who seek evils for me be covered with shame and reproach But I will hope continually And I will add to all Your praise My mouth shall proclaim Your righteousness Your salvation all the day For I am not acquainted with learning I shall enter into the power of the Lord O Lord I shall remember Your righteousness Yours alone You taught me O God from my youth And from then until now I will proclaim Your wonders And even to old age and to my last breath O God do not abandon me Until I proclaim Your arm to every coming generation Yes Your mighty deeds and Your righteousness O God I proclaim the magnificent things You did Even to the highest heaven O God who is like You How great and evil are the afflictions You showed me And You returned and made me live And You raised me up again from the depths of the earth You multiplied Your greatness And You returned and comforted me You brought me up again from the depths of the earth Truly I will give thanks to You with the instrument of a psalm O God I will sing to You with the lyre O Holy One of Israel My lips will greatly rejoice when I sing to You So will my soul which You redeemed My tongue shall meditate on Your righteousness all the day long When those who seek evils for me are dishonored and shamed,False,3
"Have mercy on me, O God, have mercy on me. For my soul trusts in Thee, and in the shadow of Thy wings will I hope, until iniquity pass away.",SBERT,2,12.96,Psalter,34,"Judge Thou, O Lord, them that do me injustice; fight against them that fight against me. Take hold of weapon and buckler, and rise up for mine help. Draw out the sword, and stop the way against them that persecute me; say unto my soul, I am Thy salvation. Let them be ashamed and confounded that seek after my soul; let them be turned back and put to shame that devise evil against me. Let them become as chaff before the face of the wind, and let the angel of the Lord afflict them. Let their way be dark and slippery, and let the angel of the Lord pursue them. For without cause have they hid for me destruction in their snare; without cause have they reproached my soul. Let a snare come upon him unawares, and let the snare that he hath hid catch himself; and into that very snare let him fall. But my soul shall exult in the Lord; it shall delight in His salvation. All my bones shall say, Lord, O Lord, who is like unto Thee, Which deliverest the poor from the hand of them that are too strong for him, yea, the poor and needy from them that spoil him? Unjust witnesses did rise up; they charged me with things that I knew not. They rewarded me evil for good, and barrenness to my soul. But as for me, when they troubled me, I put on sackcloth, and humbled my soul with fasting; and my prayer shall return into mine own bosom. I sought to please, as though it had been my neighbour or brother; I humbled myself, as one that is mourning and sad of countenance. But they rejoiced against me, and gathered themselves together; plagues were gathered together upon me, and I knew it not. They were scattered, yet they were not pricked at the heart. They tempted me, they scoffed at me with scorn, they gnashed upon me with their teeth. Lord, when wilt Thou look upon me? Rescue my soul from their mischief, mine onlybegotten one from the lions. I will give Thee thanks in the great congregation; I will praise Thee among a mighty people. Let not them that are my enemies wrongfully rejoice over me, they that hate me without a cause, and wink with the eyes. For they spake unto me peaceably indeed, but in their anger they devised deceits. Yea, they opened their mouth wide against me; they said, Aha, aha, our eyes have seen it. This Thou hast seen, O Lord, keep not silence; O Lord, be not far from me. Arise, O Lord, and attend to my judgment, even unto my cause, my God and my Lord. Judge me, O Lord, according to Thy righteousness; let them not rejoice over me, O Lord my God. Let them not say in their hearts, Aha, aha, it is well to our soul; neither let them say, We have swallowed him up. Let them be ashamed and brought to confusion together that rejoice at my woes. Let them be clothed with shame and confusion that speak great words against me. Let them exult and be glad, that favour my righteous cause; yea, let them that desire the peace of Thy servant say continually, Let the Lord be magnified. And my tongue shall speak of Thy righteousness, and of Thy praise all the day long.",False,2
"Have mercy on me, O God, have mercy on me. For my soul trusts in Thee, and in the shadow of Thy wings will I hope, until iniquity pass away.",TF-IDF,2,21.899975593171064,Psalter,39,"I waited patiently for the Lord, and He inclined unto me, and heard my supplication. He brought me up also out of the pit of misery, and out of the miry clay, and set my feet upon a rock, and directed my goings aright. And He hath put a new song in my mouth, even a hymn unto our God. Many shall see it, and fear, and shall hope in the Lord. Blessed is the man whose hope is in the name of the Lord, and regarded not vanities and false frenzies. Many, O Lord my God, are Thy wonderful works which Thou hast done; and in Thy thoughts there is none that shall be likened to Thee. I declared and spake, They are multiplied beyond number. Sacrifice and offering Thou didst not desire, but a body hast Thou perfected for me; whole burnt offerings and sin offerings hast Thou not required. Then said I, Lo, I come; in the head of the book it is written of me, That I should do Thy will, O my God; yea, Thy law is within my heart. I have preached the good tidings of Thy righteousness in the great congregation. Lo, I will not refrain my lips, O Lord, Thou knowest. I have not hid Thy righteousness within my heart; I have declared Thy truth and Thy salvation. I have not concealed Thy mercy and Thy truth from the great congregation. But withhold not Thou Thy tender mercies from me, O Lord; let Thy mercy and Thy truth continually help me. For innumerable evils have compassed me about; mine iniquities have taken hold upon me, and I am not able to see. They are multiplied more than the hairs of my head, and my heart hath failed me. Be pleased, O Lord, to deliver me; O Lord, look to helping me. Let them be ashamed and confounded together that seek after my soul to destroy it. Let them be turned back and confounded that wish me evils. Let them speedily receive shame for their reward that say unto me, Aha, aha! Let all those that seek Thee rejoice and be glad in Thee, O Lord; and let such as love Thy salvation say continually, The Lord be magnified. But I am poor and needy; the Lord will think upon me. Thou art my help and my defender, my God; make no tarrying.",False,1
 Psalms that move from lament and despair to praise and renewed trust in God within the same psalm,TF-IDF + GloVe,2,13.98,Bible,122,1An ode of ascents Ilift my eyes to You Whodwell in heaven Behold as the eyes of servants look to the hands of their masters As the eyes of the maidservant look to the hands of her mistress So our eyes look to the Lord our God Until He shall have compassion on us Have mercy on us O Lord have mercy on us For we are greatly filled with contempt Our soul is greatly filled with it We are a disgrace to those who prosper And a contempt to the arrogant,False,4
 Psalms that move from lament and despair to praise and renewed trust in God within the same psalm,BERT,2,77.56,Psalter,49,"The God of gods, even the Lord, hath spoken, and called the earth from the rising of the sun unto the going down thereof. Out of Zion is the comeliness of His beauty. God, our God, shall come manifestly, and shall not keep silence. A fire shall burn before Him, and a mighty tempest shall be round about Him. He shall summon the heaven above, and the earth, that He may judge His people. Gather His saints together unto Him, those that have established His covenant upon sacrifices. And the heavens shall declare His righteousness; for God is judge. Hear, O My people, and I will speak to thee, O Israel; and I will testify against thee; I am God, even thy God. I will not reprove thee for sacrifices, for thy whole burntofferings are continually before Me. I will not welcome bullocks out of thy house, nor he goats out of thy flocks. For all the beasts of the field are Mine, the cattle upon the mountains, and the oxen. I know all the fowls of the air, and the beauty of the fields is Mine. If I were hungry, I would not tell thee, for the world is Mine, and the fulness thereof. Will I eat the flesh of bulls, or drink the blood of goats? Offer unto God a sacrifice of praise, and pay thy vows unto the Most High. And call upon me in the day of thy trouble, and I will deliver thee; and thou shalt glorify Me. But unto the sinner God said, Why dost thou declare My statutes, and takest My covenant in thy mouth? Thou hast hated instruction, and hast cast My words behind thee. When thou sawest a thief, then thou didst run with him, and hast been partaker with the adulterer. Thy mouth hath multiplied evil, and thy tongue hath framed deceits. Thou satest and spakest against thy brother, and laidst a scandal against thy mother's son. These things hast thou done, and I kept silence. Thou thoughtest wickedly that I should be like unto thee; but I will reprove thee, and set thy sins before thy face. Now understand this, ye that forget God, lest He snatch you away, and there be none to deliver. A sacrifice of praise shall glorify Me, and there is the way wherein I will shew him My salvation.",False,3
 Psalms that move from lament and despair to praise and renewed trust in God within the same psalm,SBERT,2,10.88,Bible,33,1By David when he changed his countenance before Abimelech who let him go and he  departed Iwill bless the Lord at all times His praise shall continually be in my mouth My soul shall be praised in the Lord Let the gentle hear and be glad Oh magnify the Lord with me And let us exalt His name together I sought the Lord and He heard me And He delivered me from all my sojourning Come to Him and be enlightened And your face shall never be ashamed This poor man cried and the Lord heard him And saved him from all his afflictions The Angel of the Lord shall encamp around those who fear Him And He will deliver them Oh taste and see that the Lord is good Blessed is the man who hopes in Him Fear the Lord you His saints For there is no want for those who fear Him Rich men turned poor and went hungry But those whoseek the Lord shall not lack any good thing Pause Come you children listen to me I will teach you the fear of the Lord Who is the man who desires life Who loves to see good days Keep your tongue from evil And your lips from speaking deceit Shun evil and do good Seek peace and pursue it The eyes of the Lord are upon the righteous And His ears are open to their supplications The Lords face is against those who do evil So as to destroy their remembrance from the earth The righteous cried and the Lord heard them And He delivered them from all their afflictions The Lord is near those who are brokenhearted And He will save the humble in spirit Many are the afflictions of the righteous But He will deliver them from them all The Lord shall guard all their bones Not one of them shall be broken The death of sinners is evil And those who hate the righteous shall go wrong The Lord will redeem the souls of His servants And all who hope in Him shall not go wrong,False,2
 Psalms that move from lament and despair to praise and renewed trust in God within the same psalm,TF-IDF,2,7.370565388139997,Psalter,112,"Praise the Lord, ye servants; praise the name of the Lord. Blessed be the name of the Lord, from this time forth and for evermore. From the rising of the sun to the going down of the same, the Lord's name is to be praised. The Lord is high above all nations; His glory is above the heavens. Who is like unto the Lord our God, Who dwelleth on high, and beholdeth the things that are lowly in heaven, and in the earth? Who raiseth up the poor from the earth, and lifteth the needy out of the dunghill, That He may set him with princes, even with the princes of His people. Who maketh the barren woman to dwell in a house, a mother rejoicing over children.",False,1
Transgression,TF-IDF + GloVe,5,12.74,Bible,11,For the End concerning the eighth a psalm by David Save me O Lord for the holy man has ceased The truthful are diminished from among the sons of men Each one speaks useless things to his neighbor Deceptive lips speak with a double heart May the Lord destroy all deceptive lips And the tongue that speaks boastful things Saying We will make our tongue powerful Our lips are our own Who is lord over us Because of the suffering of the needy And because of the groaning of the poor Now I will arise says the Lord Iwill establish them in salvation I will declare it boldly The words of the Lord are pure words Like silver fired in a furnace of earth Purified seven times You shall guard us O Lord You shall preserve us from this generation forever The ungodly walk in a circle In Your exaltation You highly exalted the sons of men,False,4
Transgression,BERT,5,45.48,Bible,71,For Solomon OGod give Your judgments to the King And Your righteousness to the Kings Son That He may judge Your people in righteousness And Your poor with judgment Let the mountains raise up peace for Your people And the hills in righteousness He shall judge the poor of the people And shall serve the sons of the poor He shall humble the false accuser And He shall continue as long as the sun And before the moon from generation to generation And He shall come down like rain on the fleece Like raindrops falling on the earth In His days righteousness and abundance of peace shall flourish Until the moon is removed And He shall rule from sea to sea And from the river to the ends of the inhabited earth The Ethiopians shall bow down before Him And His enemies shall lick the dust The kings of Tarshish and their islands will come bearing gifts The kings of Arabia and Saba will bring presents All the kings of the earth shall worship Him All the Gentiles shall serve Him For He rescued the poor from the hand of a strong man And the needy for whom there was no helper He shall spare the poor and needy And He shall save the souls of the needy He shall redeem their souls from usury and injustice And precious shall be their name in His sight He shall live and there shall be given Him from the gold of Arabia They shall pray continually because of Him All the day long shall they bless Him He shall be a support on the earth upon the summits of the mountains His fruit shall be exalted more than Lebanon And they shall flourish from the city like the grass of the earth Let His name be blessed unto the ages His name shall remain before the sun And all the tribes of the earth shall be blessed in Him All the Gentiles shall bless Him Blessed is the Lord God The God of Israel who alone does wondrous things And blessed is the name of His glory forever and unto ages of ages And all the earth shall be filled with His glory Amen Amen The hymns of David the son of Jesse are ended,False,3
Transgression,SBERT,5,6.8,Bible,138,For the End a psalm by David OLord You test me and know me You know my sitting down and my rising up You understand my thoughts from afar You search out my path and my portion And You foresee all my ways For there is not a word on my tongue But behold O Lord You know it altogether The last things and the first things You fashioned me and placed Your hands on me Your knowledge has become too wondrous for me It has become too overwhelming I am unable to grasp it Where could I go from Your Spirit Or flee from Your face If I should ascend into heaven You would be there If I should descend into Hades You would be there If I should take up my wings at dawn And pitch camp at the furthest part of the sea Even there Your hand would lead me And Your right hand would hold me And I said Perhaps darkness shall cover me But the night shall be light to my delight For darkness shall not be dark because of You And the night shall be bright as day As its darkness so also shall be its light For You possess my heart O Lord You took hold of me from my mothers womb I will give thanks to You For I am fearfully and wondrously made Marvelous are Your works And my soul knows this very well My bone you made in secret was not hidden from You And my substance was in the lowest parts of the earth Your eyes saw me when I was unformed And all men shall be written in Your book They shall be formed day by day When as yet there were none among them Your friends O God became very honorable to me Their principalities became very strong I shall count them And they shall be multiplied more than the sand I awakened and I am still with You If You should slay sinners O God You would turn aside from me O men of blood For You will say regarding their reasoning They shall receive your cities in vain Have I not hated those who hate You O Lord And was I not wasting away because of Your enemies I hated them with perfect hatred They became my enemies Test me O God and know my heart Examine me and know my paths And see if there is a lawless way in me And lead me in the way everlasting,False,2
Transgression,TF-IDF,5,15.655005113607665,Bible,38,For the End for Jeduthun an ode by David Isaid I will guard my ways that I may not sin with my tongue I set a guard on my mouth When the sinner stood against me I was deadened and humbled and I kept silent even from good And my grief was stirred anew My heart was hot within me And in my meditation fire will be kindled I spoke with my tongue O Lord make me to know my end And what is the measure of my days So as to know what I lack Behold You made my days as a handbreadth And my existence is as nothing before You But all things are vanity and every man living Pause Nevertheless man walks about like a phantom Surely in vain they stir themselves up He stores up treasure but does not know for whom he will gather it And now what is my patience Is it not the Lord And my support is from You Deliver me from all my transgressions You made me a reproach to the undiscerning I was dumb and opened not my mouth For You are He who made me Take away Your scourges from me Because of the strength of Your hand I fainted With rebukes You chasten a man for his transgression And You cause his soul to waste away like a spider web But every man stirs himself up in vain Pause Hear my prayer O Lord And give ear to my supplication Do not be silent at my tears For I am a sojourner before You And a stranger as were all my fathers Do not forsake me that I may revive Before I depart and am no longer here,False,1
Lord I have cried unto thee,TF-IDF + GloVe,2,13.98,Bible,122,1An ode of ascents Ilift my eyes to You Whodwell in heaven Behold as the eyes of servants look to the hands of their masters As the eyes of the maidservant look to the hands of her mistress So our eyes look to the Lord our God Until He shall have compassion on us Have mercy on us O Lord have mercy on us For we are greatly filled with contempt Our soul is greatly filled with it We are a disgrace to those who prosper And a contempt to the arrogant,False,4
Lord I have cried unto thee,BERT,2,80.47,Psalter,34,"Judge Thou, O Lord, them that do me injustice; fight against them that fight against me. Take hold of weapon and buckler, and rise up for mine help. Draw out the sword, and stop the way against them that persecute me; say unto my soul, I am Thy salvation. Let them be ashamed and confounded that seek after my soul; let them be turned back and put to shame that devise evil against me. Let them become as chaff before the face of the wind, and let the angel of the Lord afflict them. Let their way be dark and slippery, and let the angel of the Lord pursue them. For without cause have they hid for me destruction in their snare; without cause have they reproached my soul. Let a snare come upon him unawares, and let the snare that he hath hid catch himself; and into that very snare let him fall. But my soul shall exult in the Lord; it shall delight in His salvation. All my bones shall say, Lord, O Lord, who is like unto Thee, Which deliverest the poor from the hand of them that are too strong for him, yea, the poor and needy from them that spoil him? Unjust witnesses did rise up; they charged me with things that I knew not. They rewarded me evil for good, and barrenness to my soul. But as for me, when they troubled me, I put on sackcloth, and humbled my soul with fasting; and my prayer shall return into mine own bosom. I sought to please, as though it had been my neighbour or brother; I humbled myself, as one that is mourning and sad of countenance. But they rejoiced against me, and gathered themselves together; plagues were gathered together upon me, and I knew it not. They were scattered, yet they were not pricked at the heart. They tempted me, they scoffed at me with scorn, they gnashed upon me with their teeth. Lord, when wilt Thou look upon me? Rescue my soul from their mischief, mine onlybegotten one from the lions. I will give Thee thanks in the great congregation; I will praise Thee among a mighty people. Let not them that are my enemies wrongfully rejoice over me, they that hate me without a cause, and wink with the eyes. For they spake unto me peaceably indeed, but in their anger they devised deceits. Yea, they opened their mouth wide against me; they said, Aha, aha, our eyes have seen it. This Thou hast seen, O Lord, keep not silence; O Lord, be not far from me. Arise, O Lord, and attend to my judgment, even unto my cause, my God and my Lord. Judge me, O Lord, according to Thy righteousness; let them not rejoice over me, O Lord my God. Let them not say in their hearts, Aha, aha, it is well to our soul; neither let them say, We have swallowed him up. Let them be ashamed and brought to confusion together that rejoice at my woes. Let them be clothed with shame and confusion that speak great words against me. Let them exult and be glad, that favour my righteous cause; yea, let them that desire the peace of Thy servant say continually, Let the Lord be magnified. And my tongue shall speak of Thy righteousness, and of Thy praise all the day long.",False,3
Lord I have cried unto thee,SBERT,2,10.71,Bible,151,1This is a psalm written with Davids own hand although outside the number when he  fought in single combat with Goliath Iwas small among my brothers And the youngest in my fathers house I tended my fathers sheep My hands built a musical instrument My fingers tuned a lyre And whoshall tell my Lord The Lord Himself He Himself hears He sent forth His Angel And took me from my fathers sheep And he anointed me with his anointing oil My brothers were handsome and tall But the Lord took no pleasure in them I went out to meet the foreigner And he cursed me with his idols But I drew his own sword and beheaded him And removed disgrace from the children of Israel,False,2
Lord I have cried unto thee,TF-IDF,2,32.66354968794389,Psalter,85,"Bow down Thine ear, O Lord, and hear me, for I am poor and needy. Preserve my soul, for I am holy; O Thou my God, save Thy servant that hopeth in Thee. Be merciful unto me, O Lord; for unto Thee will I cry all the day long. Rejoice the soul of Thy servant, for unto Thee have I lifted up my soul. For Thou, Lord, art good and gentle, and plenteous in mercy unto all them that call upon Thee. Give ear, O Lord, unto my prayer, and attend to the voice of my supplication. In the day of my trouble I cried to Thee, for Thou hast heard me. Among the gods there is none like unto Thee, O Lord; neither are there any works like unto Thy works. All the nations whom Thou hast made shall come and worship before Thee, O Lord, and shall glorify Thy name. For Thou art great, and doest wondrous things, Thou art God alone. Guide me in Thy way, O Lord, and I will walk in Thy truth; let my heart rejoice that I may fear Thy name. I will praise Thee, O Lord my God, with all my heart, and I will glorify Thy name for evermore. For great is Thy mercy toward me, and Thou hast delivered my soul from the lowest Hades. O God, the transgressors are risen up against me, and the assembly of the mighty hath sought after my soul, and have not set Thee before them. But Thou, O Lord my God, art full of compassion, and merciful, longsuffering, and plenteous in mercy, and true. O look Thou upon me, and have mercy upon me; give Thy strength unto Thy servant, and save the son of Thine handmaid. Work in me a sign unto good, and let them which hate me see and be ashamed; for Thou, O Lord, hast holpen me, and comforted me.",False,1
“Psalms that express deep lament and trust in God simultaneously during periods of persecution and feeling abandoned”,TF-IDF + GloVe,1,16.0,Bible,79,1For the End concerning things that shall be changed a testimony for Asaph a psalm  concerning the Assyrian Give heed O You who shepherd Israel Reveal Yourself O You who lead Joseph like a flock Who sit upon the cherubim Raise up Your power Before Ephraim Benjamin and Manasseh And come for our salvation O God convert us And reveal Your face and we shall be saved O Lord God of hosts How long will You be angry with the prayer of Your servant Will You feed us the bread of tears And will You give us as drink tears in measure You made us an offense to our neighbors And our enemies sneered at us O Lord God convert us And reveal Your face and we shall be saved Pause You removed a vineyard from Egypt You cast out the nations and planted it You prepared the way before it And You planted its roots and the earth was filled Its shade covered the mountains And its vines the cedars of God Its branches reached to the sea And its shoots as far as the river Why did You pull down its hedge And all who pass on the road gather its grapes A wild swine from the forest laid it waste A solitary wild beast devoured it O God of hosts convert us now Look down from heaven and behold And visit this vineyard Which Your right hand planted and perfect it And visit the son of man whom You strengthened for Yourself It was set on fire and uprooted But they shall perish at the rebuke of Your face Let Your hand be upon the man of Your right hand And upon the son of man whom You strengthened for Yourself Then we will not turn away from You You will give us life and we will call upon Your name O Lord God of hosts convert us and reveal Your face and we shall be saved,False,4
“Psalms that express deep lament and trust in God simultaneously during periods of persecution and feeling abandoned”,BERT,1,74.61,Psalter,87,"O Lord God of my salvation, I have cried by day and night before Thee. Let my prayer come before Thee; incline Thine ear unto my supplication. For my soul is full of evils, and my life hath drawn nigh unto Hades. I am counted with them that go down into the pit; I am become as a man that hath no help, free among the dead. Like the bodies of the slain that sleep in the grave, whom Thou rememberest no more: and they are cut off from Thy hand. They have laid me in the lowest pit, in darkness, and in the shadow of death. Thy wrath presseth hard upon me, and Thou hast brought all Thy waves upon me. Thou hast put away mine acquaintance far from me; they have made me an abomination unto them. I am delivered up, and have not come forth; mine eyes are grown weak by reason of poverty. Lord, I have called upon Thee all the day long; I have stretched out my hands unto Thee. Wilt Thou work wonders for the dead? or shall physicians raise them up to praise Thee? Shall any in the grave tell of Thy mercy, and of Thy truth in that destruction? Shall Thy wonders be known in that darkness, and Thy righteousness in the land of forgetfulness? But unto Thee have I cried, O Lord, and in the morning shall my prayer prevent Thee. Lord, why castest Thou off my soul, and turnest Thou Thy face away from me? I am poor and in troubles from my youth up; yea, having been exalted, I was humbled and brought to distress. Thy fierce wrath hath gone over me, and Thy terrors have troubled me. They came round about me like water; all the day long they compassed me about together. Friend and neighbour hast Thou put far from me, and mine acquaintance, because of my misery.",False,3
“Psalms that express deep lament and trust in God simultaneously during periods of persecution and feeling abandoned”,SBERT,1,11.36,Bible,151,1This is a psalm written with Davids own hand although outside the number when he  fought in single combat with Goliath Iwas small among my brothers And the youngest in my fathers house I tended my fathers sheep My hands built a musical instrument My fingers tuned a lyre And whoshall tell my Lord The Lord Himself He Himself hears He sent forth His Angel And took me from my fathers sheep And he anointed me with his anointing oil My brothers were handsome and tall But the Lord took no pleasure in them I went out to meet the foreigner And he cursed me with his idols But I drew his own sword and beheaded him And removed disgrace from the children of Israel,False,2
“Psalms that express deep lament and trust in God simultaneously during periods of persecution and feeling abandoned”,TF-IDF,1,26.532891858013848,Psalter,86,"His foundations are in the holy mountains. The Lord loveth the gates of Zion more than all the dwellings of Jacob. Glorious things are spoken of thee, O city of God. I will make mention of Rahab and Babylon to them that know me. And behold the foreigners, and those of Tyre, and the people of the Ethiopians; these were born there. A man shall say, Zion is my mother, and, That man was born in her, and, The Most High Himself hath established her. The Lord shall tell it in His writings of the people and of the princes, even of them that have been born in her. How joyful are all they that have their habitation in Thee!",False,1
“Compare psalms that emphasize divine wrath versus psalms that emphasize divine mercy and forgiveness”,TF-IDF + GloVe,2,13.98,Bible,122,1An ode of ascents Ilift my eyes to You Whodwell in heaven Behold as the eyes of servants look to the hands of their masters As the eyes of the maidservant look to the hands of her mistress So our eyes look to the Lord our God Until He shall have compassion on us Have mercy on us O Lord have mercy on us For we are greatly filled with contempt Our soul is greatly filled with it We are a disgrace to those who prosper And a contempt to the arrogant,False,4
“Compare psalms that emphasize divine wrath versus psalms that emphasize divine mercy and forgiveness”,BERT,2,72.61,Psalter,87,"O Lord God of my salvation, I have cried by day and night before Thee. Let my prayer come before Thee; incline Thine ear unto my supplication. For my soul is full of evils, and my life hath drawn nigh unto Hades. I am counted with them that go down into the pit; I am become as a man that hath no help, free among the dead. Like the bodies of the slain that sleep in the grave, whom Thou rememberest no more: and they are cut off from Thy hand. They have laid me in the lowest pit, in darkness, and in the shadow of death. Thy wrath presseth hard upon me, and Thou hast brought all Thy waves upon me. Thou hast put away mine acquaintance far from me; they have made me an abomination unto them. I am delivered up, and have not come forth; mine eyes are grown weak by reason of poverty. Lord, I have called upon Thee all the day long; I have stretched out my hands unto Thee. Wilt Thou work wonders for the dead? or shall physicians raise them up to praise Thee? Shall any in the grave tell of Thy mercy, and of Thy truth in that destruction? Shall Thy wonders be known in that darkness, and Thy righteousness in the land of forgetfulness? But unto Thee have I cried, O Lord, and in the morning shall my prayer prevent Thee. Lord, why castest Thou off my soul, and turnest Thou Thy face away from me? I am poor and in troubles from my youth up; yea, having been exalted, I was humbled and brought to distress. Thy fierce wrath hath gone over me, and Thy terrors have troubled me. They came round about me like water; all the day long they compassed me about together. Friend and neighbour hast Thou put far from me, and mine acquaintance, because of my misery.",False,3
“Compare psalms that emphasize divine wrath versus psalms that emphasize divine mercy and forgiveness”,SBERT,2,9.59,Bible,1,Blessed is the man Who walks not in the counsel of the ungodly Nor stands in the way of sinners Nor sits in the seat of the troublesome But his will is in the law of the Lord And in His law he meditates day and night He shall be like a tree Planted by streams of waters That produces its fruit in its season And his leaf shall not wither And whatever he does shall prosper Not so are the ungodly not so But they are like the dust the wind drives from the face of the earth Therefore the ungodly shall not rise in the judgment Nor sinners in the counsel of the righteous For the Lord knows the way of the righteous But the way of the ungodly shall perish,False,2
“Compare psalms that emphasize divine wrath versus psalms that emphasize divine mercy and forgiveness”,TF-IDF,2,12.919713535928102,Psalter,74,"Unto Thee, O God will give thanks; unto Thee will we give thanks, and call upon Thy name. I will tell of all Thy wondrous works. When I shall be given the appointed time, I will judge uprightly. The earth and all the inhabitants thereof are melted; I have made fast the pillars of it. I said unto the transgressors, Transgress not; and to the sinners, Lift not up the horn. Lift not up your horn on high, and speak not unrighteousness against God. For judgment cometh neither from the outgoings of the sun, nor from the west, nor from the desert mountains; for God is judge. He putteth down one, and raiseth up another; for in the hand of the Lord is a cup full of unmingled wine. And He hath turned it from this side to that, but the dregs thereof are not wholly emptied out; all the sinners of the earth shall drink of them. But I will rejoice for ever; I will sing praises to the God of Jacob. All the horns of the sinners also will I break, but the horn of the righteous shall be exalted.",False,1
"Lord, now lettest thou thy servant depart in peace, according to thy word: for mine eyes have seen thy salvation, which thou hast prepared before the face of all people; a light to lighten the Gentiles, and the glory of thy people Isreal. ",TF-IDF + GloVe,2,13.98,Bible,122,1An ode of ascents Ilift my eyes to You Whodwell in heaven Behold as the eyes of servants look to the hands of their masters As the eyes of the maidservant look to the hands of her mistress So our eyes look to the Lord our God Until He shall have compassion on us Have mercy on us O Lord have mercy on us For we are greatly filled with contempt Our soul is greatly filled with it We are a disgrace to those who prosper And a contempt to the arrogant,False,4
"Lord, now lettest thou thy servant depart in peace, according to thy word: for mine eyes have seen thy salvation, which thou hast prepared before the face of all people; a light to lighten the Gentiles, and the glory of thy people Isreal. ",BERT,2,90.07,Bible,60,For the End in hymns by David Hear my supplication O God Attend to my prayer From the end of the earth I cried out to You When my heart was discouraged You lifted me high on a rock You guided me for You became my hope A tower of strength from the face of the enemy I will dwell in Your tabernacle unto the ages I will be covered with the shelter of Your wings Pause For You O God hear my prayers You give an inheritance to those who fear Your name You will add days to the days of the king His years as the days of generation to generation He will abide before God forever Who will seek out His mercy and truth So I will sing praise to Your name unto ages of ages That I may pay my vows day to day,False,3
"Lord, now lettest thou thy servant depart in peace, according to thy word: for mine eyes have seen thy salvation, which thou hast prepared before the face of all people; a light to lighten the Gentiles, and the glory of thy people Isreal. ",SBERT,2,12.35,Bible,18,For the End a psalm by David The heavens declare the glory of God The firmament shows the creation of His hands Day to day utters speech And night to night reveals knowledge There is no speech nor language Where their voices are not heard Their proclamation went forth into all the earth And their words to the ends of the world In the sun He set His tabernacle And it rejoices exceedingly Like a bridegroom coming forth from his bridal chamber Like a strong man to run a race Its rising is from one end of heaven And its circuit runs to the other end And nothing shall be hidden from its heat The law of the Lord is blameless converting souls The testimony of the Lord is trustworthy making children wise The ordinances of the Lord are right rejoicing the heart The commandment of the Lord is bright enlightening the eyes The fear of the Lord is pure enduring unto ages of ages The judgments of the Lord are true being altogether just More to be desired are they than gold and a very precious stone Sweeter also than honey and the honeycomb For indeed Your servant keeps them In keeping them there is great reward Who will understand his transgressions Cleanse me from hidden sins And spare your servant from unnatural sins If they have no dominion over me then I shall be blameless And I shall be cleansed from great sin Let the words of my mouth and the meditation of my heart Be always pleasing before You O Lord my helper and my redeemer,False,2
"Lord, now lettest thou thy servant depart in peace, according to thy word: for mine eyes have seen thy salvation, which thou hast prepared before the face of all people; a light to lighten the Gentiles, and the glory of thy people Isreal. ",TF-IDF,2,31.621125796202143,Psalter,73,"O God, why hast Thou cast us off for ever? Why hath Thine anger raged against the sheep of Thy pasture? Remember Thy congregation, which Thou hast purchased from the beginning. Thou hast redeemed the rod of Thine inheritance, this Mount Zion wherein Thou hast dwelt. Lift up Thy hands against their perpetual pride, against all that the enemy hath done wickedly in Thy sanctuary. And they that hate Thee have made their boast in the midst of Thy feast. They set up their ensigns for signs, though they knew it not, in the entrances on high. As in a forest of trees, they have cut down at once the doors thereof with axes; they have broken it down with axe and hammer. With fire have they burned down Thy sanctuary; they have defiled the dwelling place of Thy name to the ground. They said in their heart, the whole kindred of them together, Come, let us abolish all the feasts of God from the earth. We have not seen our signs, there is no more any prophet; and He will know us no more. O God, how long shall the enemy reproach? shall the enemy provoke Thy name for ever? Why withdrawest Thou Thy hand, even Thy right hand, out of the midst of Thy bosom for ever? But God is our king before the ages; He hath worked salvation in the midst of the earth. Thou didst establish the sea by Thy strength; Thou brakest the heads of the dragons in the water. Thou didst crush the head of the dragon; Thou gavest him to be meat for the people of the Ethiopians. Thou didst cleave the fountains and the torrents; Thou driedst up the rivers of Ethan. The day is Thine, the night also is Thine; Thou hast prepared the light and the sun. Thou hast set all the borders of the earth; Thou hast made the summer and spring. Remember this Thy creation. The enemy hath reproached the Lord, and a foolish people hath provoked Thy name. O deliver not over unto the wild beasts the soul that confesseth Thee; forget not the souls of Thy poor for ever. Have respect unto Thy covenant, for the dark places of the earth are filled with the habitations of iniquity. O let not the humble and ashamed be turned away; the poor and the needy shall praise Thy name. Arise, O God, plead Thine Own cause; remember the reproach that is made against Thee by the foolish man all the day long. Forget not the voice of Thy suppliants; the pride of them that hate Thee ascendeth continually.",False,1
Belief ,BERT,2,32.18,Psalter,42,"Judge me, God, and give judgment in my cause against a nation that is not holy; deliver me from an unjust and deceitful man. For Thou, O God, art my strength: why hast Thou cast me off, and why go I mourning while mine enemy oppresseth me? O send out Thy light and Thy truth; they have led me, and brought me unto Thy holy mount, and to Thy tabernacles. And I will go unto the altar of God, unto God Which giveth gladness to my youth; upon the harp will I praise Thee, O God, my God. Why art thou cast down, O my soul, and why dost thou disquiet me? Hope thou in God, for I shall praise Him, the salvation of my countenance, and my God.",False,2
Belief ,SBERT,2,4.82,Bible,66,For the End in hymns a psalm of an ode May God be gracious to us and bless us May He cause His face to shine upon us Pause That we may know His way on the earth Your salvation among all the Gentiles Let the peoples give thanks to You O God Let all the peoples praise You Let the Gentiles be glad and greatly rejoice For You shall judge the peoples in uprightness And lead the Gentiles on the earth Pause Let the peoples give thanks to You O God Let all the peoples praise You The earth yielded her fruit May God our God bless us May God bless us And let all the ends of the earth be in fear of Him,False,1
"Rejoice, O ye heavens, sound the trumpets, ye foundation of the earth, thunder forth gladness, O ye mountains: for behold, Emmanuel to the Cross our sins, and the Giver of Life hath slain death, raising up Adam; for He loveth mankind.",TF-IDF + GloVe,1,16.0,Bible,79,1For the End concerning things that shall be changed a testimony for Asaph a psalm  concerning the Assyrian Give heed O You who shepherd Israel Reveal Yourself O You who lead Joseph like a flock Who sit upon the cherubim Raise up Your power Before Ephraim Benjamin and Manasseh And come for our salvation O God convert us And reveal Your face and we shall be saved O Lord God of hosts How long will You be angry with the prayer of Your servant Will You feed us the bread of tears And will You give us as drink tears in measure You made us an offense to our neighbors And our enemies sneered at us O Lord God convert us And reveal Your face and we shall be saved Pause You removed a vineyard from Egypt You cast out the nations and planted it You prepared the way before it And You planted its roots and the earth was filled Its shade covered the mountains And its vines the cedars of God Its branches reached to the sea And its shoots as far as the river Why did You pull down its hedge And all who pass on the road gather its grapes A wild swine from the forest laid it waste A solitary wild beast devoured it O God of hosts convert us now Look down from heaven and behold And visit this vineyard Which Your right hand planted and perfect it And visit the son of man whom You strengthened for Yourself It was set on fire and uprooted But they shall perish at the rebuke of Your face Let Your hand be upon the man of Your right hand And upon the son of man whom You strengthened for Yourself Then we will not turn away from You You will give us life and we will call upon Your name O Lord God of hosts convert us and reveal Your face and we shall be saved,False,4
"Rejoice, O ye heavens, sound the trumpets, ye foundation of the earth, thunder forth gladness, O ye mountains: for behold, Emmanuel to the Cross our sins, and the Giver of Life hath slain death, raising up Adam; for He loveth mankind.",BERT,1,91.73,Bible,60,For the End in hymns by David Hear my supplication O God Attend to my prayer From the end of the earth I cried out to You When my heart was discouraged You lifted me high on a rock You guided me for You became my hope A tower of strength from the face of the enemy I will dwell in Your tabernacle unto the ages I will be covered with the shelter of Your wings Pause For You O God hear my prayers You give an inheritance to those who fear Your name You will add days to the days of the king His years as the days of generation to generation He will abide before God forever Who will seek out His mercy and truth So I will sing praise to Your name unto ages of ages That I may pay my vows day to day,False,3
"Rejoice, O ye heavens, sound the trumpets, ye foundation of the earth, thunder forth gladness, O ye mountains: for behold, Emmanuel to the Cross our sins, and the Giver of Life hath slain death, raising up Adam; for He loveth mankind.",SBERT,1,14.0,Psalter,13,"The fool hath said in his heart, There is no God. They are corrupt, and are become abominable in their doings; there is none that doeth good, no, not one. The Lord looked down from heaven upon the sons of men, to see if there were any that did understand, or seek God. They are all gone aside, they are together become unprofitable; there is none that doeth good, no, not one. Shall all the workers of iniquity have no knowledge, who eat up my people as they eat bread? They have not called upon the Lord. There were they in great fear, where there was no fear; for the Lord is in the generation of the righteous. Ye have shamed the counsel of the poor, but the Lord is his hope. Who shall give the salvation of Israel out of Zion? When the Lord turneth back the captivity of His people, Jacob shall rejoice, and Israel shall be glad.",False,2
"Rejoice, O ye heavens, sound the trumpets, ye foundation of the earth, thunder forth gladness, O ye mountains: for behold, Emmanuel to the Cross our sins, and the Giver of Life hath slain death, raising up Adam; for He loveth mankind.",TF-IDF,1,25.45332698531523,Psalter,116,"O praise the Lord, all ye nations; praise Him, all ye peoples. For He hath made His mercy to prevail over us, and the truth of the Lord endureth for ever.",False,1
“Compare psalms that emphasize divine wrath versus psalms that emphasize divine mercy and forgiveness”,TF-IDF + GloVe,1,16.0,Bible,79,1For the End concerning things that shall be changed a testimony for Asaph a psalm  concerning the Assyrian Give heed O You who shepherd Israel Reveal Yourself O You who lead Joseph like a flock Who sit upon the cherubim Raise up Your power Before Ephraim Benjamin and Manasseh And come for our salvation O God convert us And reveal Your face and we shall be saved O Lord God of hosts How long will You be angry with the prayer of Your servant Will You feed us the bread of tears And will You give us as drink tears in measure You made us an offense to our neighbors And our enemies sneered at us O Lord God convert us And reveal Your face and we shall be saved Pause You removed a vineyard from Egypt You cast out the nations and planted it You prepared the way before it And You planted its roots and the earth was filled Its shade covered the mountains And its vines the cedars of God Its branches reached to the sea And its shoots as far as the river Why did You pull down its hedge And all who pass on the road gather its grapes A wild swine from the forest laid it waste A solitary wild beast devoured it O God of hosts convert us now Look down from heaven and behold And visit this vineyard Which Your right hand planted and perfect it And visit the son of man whom You strengthened for Yourself It was set on fire and uprooted But they shall perish at the rebuke of Your face Let Your hand be upon the man of Your right hand And upon the son of man whom You strengthened for Yourself Then we will not turn away from You You will give us life and we will call upon Your name O Lord God of hosts convert us and reveal Your face and we shall be saved,False,4
“Compare psalms that emphasize divine wrath versus psalms that emphasize divine mercy and forgiveness”,BERT,1,74.0,Bible,18,For the End a psalm by David The heavens declare the glory of God The firmament shows the creation of His hands Day to day utters speech And night to night reveals knowledge There is no speech nor language Where their voices are not heard Their proclamation went forth into all the earth And their words to the ends of the world In the sun He set His tabernacle And it rejoices exceedingly Like a bridegroom coming forth from his bridal chamber Like a strong man to run a race Its rising is from one end of heaven And its circuit runs to the other end And nothing shall be hidden from its heat The law of the Lord is blameless converting souls The testimony of the Lord is trustworthy making children wise The ordinances of the Lord are right rejoicing the heart The commandment of the Lord is bright enlightening the eyes The fear of the Lord is pure enduring unto ages of ages The judgments of the Lord are true being altogether just More to be desired are they than gold and a very precious stone Sweeter also than honey and the honeycomb For indeed Your servant keeps them In keeping them there is great reward Who will understand his transgressions Cleanse me from hidden sins And spare your servant from unnatural sins If they have no dominion over me then I shall be blameless And I shall be cleansed from great sin Let the words of my mouth and the meditation of my heart Be always pleasing before You O Lord my helper and my redeemer,False,3
“Compare psalms that emphasize divine wrath versus psalms that emphasize divine mercy and forgiveness”,SBERT,1,9.6,Psalter,81,"God stood in the congregation of the gods, and in their midst He shall judge gods. How long will ye judge unjustly, and accept the person of sinners? Judge for the fatherless and the poor; do justice to the humble and needy. Rescue the poor and needy; deliver him out of the hand of the sinner. They have not known, nor understood; they walk on in darkness. Let all the foundations of the earth be moved. I have said, Ye are gods, and all of you are the sons of the Most High. But ye shall die like men, and fall like one of the princes. Arise, O God, judge the earth, for Thou shalt inherit among all the nations.",False,2
“Compare psalms that emphasize divine wrath versus psalms that emphasize divine mercy and forgiveness”,TF-IDF,1,14.559068320196548,Psalter,86,"His foundations are in the holy mountains. The Lord loveth the gates of Zion more than all the dwellings of Jacob. Glorious things are spoken of thee, O city of God. I will make mention of Rahab and Babylon to them that know me. And behold the foreigners, and those of Tyre, and the people of the Ethiopians; these were born there. A man shall say, Zion is my mother, and, That man was born in her, and, The Most High Himself hath established her. The Lord shall tell it in His writings of the people and of the princes, even of them that have been born in her. How joyful are all they that have their habitation in Thee!",False,1
"Be thou exalted, O bridegroom, like unto Abrahaml and be thou blessed, like unto isaac; and do thou multiply like unto Joseph, walking in peace, and keeping the comandments of God in righteousness",TF-IDF + GloVe,4,13.11,Bible,119,An ode of ascents To the Lord in my affliction I cried out and He heard me O Lord deliver my soul from unjust lips And from a deceitful tongue What should be given You and what added to You Against a deceitful tongue The arrows of the Mighty One are sharpened With hot coals from the desert Woe is me My sojourning was prolonged I dwelt with the tents of Kedar My soul sojourned a long time as a resident alien With those who hate peace I was peaceful When I spoke to them they made war against me without cause,False,3
"Be thou exalted, O bridegroom, like unto Abrahaml and be thou blessed, like unto isaac; and do thou multiply like unto Joseph, walking in peace, and keeping the comandments of God in righteousness",BERT,4,88.64,Psalter,49,"The God of gods, even the Lord, hath spoken, and called the earth from the rising of the sun unto the going down thereof. Out of Zion is the comeliness of His beauty. God, our God, shall come manifestly, and shall not keep silence. A fire shall burn before Him, and a mighty tempest shall be round about Him. He shall summon the heaven above, and the earth, that He may judge His people. Gather His saints together unto Him, those that have established His covenant upon sacrifices. And the heavens shall declare His righteousness; for God is judge. Hear, O My people, and I will speak to thee, O Israel; and I will testify against thee; I am God, even thy God. I will not reprove thee for sacrifices, for thy whole burntofferings are continually before Me. I will not welcome bullocks out of thy house, nor he goats out of thy flocks. For all the beasts of the field are Mine, the cattle upon the mountains, and the oxen. I know all the fowls of the air, and the beauty of the fields is Mine. If I were hungry, I would not tell thee, for the world is Mine, and the fulness thereof. Will I eat the flesh of bulls, or drink the blood of goats? Offer unto God a sacrifice of praise, and pay thy vows unto the Most High. And call upon me in the day of thy trouble, and I will deliver thee; and thou shalt glorify Me. But unto the sinner God said, Why dost thou declare My statutes, and takest My covenant in thy mouth? Thou hast hated instruction, and hast cast My words behind thee. When thou sawest a thief, then thou didst run with him, and hast been partaker with the adulterer. Thy mouth hath multiplied evil, and thy tongue hath framed deceits. Thou satest and spakest against thy brother, and laidst a scandal against thy mother's son. These things hast thou done, and I kept silence. Thou thoughtest wickedly that I should be like unto thee; but I will reprove thee, and set thy sins before thy face. Now understand this, ye that forget God, lest He snatch you away, and there be none to deliver. A sacrifice of praise shall glorify Me, and there is the way wherein I will shew him My salvation.",False,2
"Be thou exalted, O bridegroom, like unto Abrahaml and be thou blessed, like unto isaac; and do thou multiply like unto Joseph, walking in peace, and keeping the comandments of God in righteousness",TF-IDF,4,13.022226891204769,Psalter,88,"I will sing of Thy mercies, O Lord, for ever; with my mouth will I shew forth Thy truth from generation to generation. For Thou hast said, Mercy shall be built up for ever; Thy truth shall be established in the heavens. I have made a covenant with My chosen; I have sworn unto David My servant. Thy seed will I establish for ever, and build up thy throne from generation to generation. The heavens shall declare Thy wonders, O Lord, Thy truth also in the congregation of the saints. For who in the clouds shall be compared unto the Lord? and who among the sons of God shall be likened unto the Lord? God Who is glorified in the assembly of the saints, great and terrible toward all them that are round about Him. O Lord God of hosts, who is like unto Thee? Thou art mighty, O Lord, and Thy truth is round about Thee. Thou art ruler the might of the sea, and Thou stillest the tumult of her waves. Thou hast humbled the proud, as one that is slain; and Thou hast scattered Thine enemies with the arm of Thy strength. The heavens are Thine, the earth also is Thine; as for the world and the fulness thereof, Thou hast founded them. The north and the sea Thou hast created them; Tabor and Hermon shall rejoice in Thy name. Thine is the mighty arm. Let Thine hand be strengthened, let Thy right hand be exalted. Justice and judgment are the establishment of Thy throne; mercy and truth shall go before Thy face. Blessed is the people that knoweth jubilation. They shall walk, O Lord, in the light of Thy countenance, and in Thy name shall they rejoice all the day, and in Thy righteousness shall they be exalted. For Thou art the glory of their strength, and in Thy favour our horn shall be exalted. For of the Lord is our help, and of the Holy One of Israel, our King. Then Thou spakest in a vision to Thy sons, and saidst, I have laid help upon one that is mighty, I have exalted one chosen out of My people. I have found David My servant, with My holy oil have I anointed him. For My hand shall be an ally unto him, Mine arm also shall strengthen him. His enemy shall have no advantage over him, nor shall the son of wickedness have power to hurt him more. And I will cut down his foes before his face, and put to flight them that hate him. And My truth and My mercy shall be with him, and in My name shall his horn be exalted. I will set his hand also in the sea, and his right hand in the rivers. He shall cry unto Me, and say, Thou art my Father, my God, and the Help of my salvation. Also I will make him My firstborn, higher than the kings of the earth. My mercy will I keep for him for evermore, and My covenant shall stand fast with him. His seed also will I establish for ever and ever, and his throne shall be as the days of heaven. If his sons forsake My law, and walk not in My judgments; If they profane My statutes, and keep not My commandments; Then will I visit their iniquities with a rod, and their transgressions with stripes. Nevertheless My mercy will I not utterly take from them, nor wrong them in My truth. Neither will I profane My covenant, nor make void the things that go out of My lips. Once have I sworn by My holiness, that I will not lie unto David. His seed shall endure for ever, and his throne as the sun before Me, and as the moon that is established for ever, and as a faithful witness in heaven. But Thou hast cast off and brought to nought; Thou hast been wroth with Thine anointed. Thou hast destroyed the covenant of Thy servant; Thou hast profaned his sanctuary to the ground. Thou hast broken down all his hedges; Thou hast made his strong hold a terror. All that pass by the way have spoiled him; he is become a reproach to his neighbours. Thou hast set up the right hand of them that afflict him, Thou hast made all his enemies to rejoice. Thou hast turned away the help of his sword, and hast not holpen him in battle. Thou hast made an end of his purification; Thou hast cast his throne down to the ground. The days of his time hast Thou shortened; Thou hast covered him with shame. How long, O Lord, wilt Thou turn away for ever? Shall Thy wrath burn like fire? Remember what my substance is; for hast Thou created all the sons of man in vain? What man is he that liveth, and shall not see death? Shall he deliver his soul out of the hand of Hades? Where are Thine ancient mercies, O Lord, which Thou swarest unto David in Thy truth? Remember, O Lord, the reproach of Thy servants, which I have endured in my bosom of many nations. Wherewith Thine enemies have reproached, O Lord, wherewith they have reproached the recompense of Thine anointed. Blessed be the Lord for evermore. So be it. So be it.",False,1
prayer,TF-IDF + GloVe,1,16.0,Bible,79,1For the End concerning things that shall be changed a testimony for Asaph a psalm  concerning the Assyrian Give heed O You who shepherd Israel Reveal Yourself O You who lead Joseph like a flock Who sit upon the cherubim Raise up Your power Before Ephraim Benjamin and Manasseh And come for our salvation O God convert us And reveal Your face and we shall be saved O Lord God of hosts How long will You be angry with the prayer of Your servant Will You feed us the bread of tears And will You give us as drink tears in measure You made us an offense to our neighbors And our enemies sneered at us O Lord God convert us And reveal Your face and we shall be saved Pause You removed a vineyard from Egypt You cast out the nations and planted it You prepared the way before it And You planted its roots and the earth was filled Its shade covered the mountains And its vines the cedars of God Its branches reached to the sea And its shoots as far as the river Why did You pull down its hedge And all who pass on the road gather its grapes A wild swine from the forest laid it waste A solitary wild beast devoured it O God of hosts convert us now Look down from heaven and behold And visit this vineyard Which Your right hand planted and perfect it And visit the son of man whom You strengthened for Yourself It was set on fire and uprooted But they shall perish at the rebuke of Your face Let Your hand be upon the man of Your right hand And upon the son of man whom You strengthened for Yourself Then we will not turn away from You You will give us life and we will call upon Your name O Lord God of hosts convert us and reveal Your face and we shall be saved,False,4
prayer,BERT,1,43.82,Bible,18,For the End a psalm by David The heavens declare the glory of God The firmament shows the creation of His hands Day to day utters speech And night to night reveals knowledge There is no speech nor language Where their voices are not heard Their proclamation went forth into all the earth And their words to the ends of the world In the sun He set His tabernacle And it rejoices exceedingly Like a bridegroom coming forth from his bridal chamber Like a strong man to run a race Its rising is from one end of heaven And its circuit runs to the other end And nothing shall be hidden from its heat The law of the Lord is blameless converting souls The testimony of the Lord is trustworthy making children wise The ordinances of the Lord are right rejoicing the heart The commandment of the Lord is bright enlightening the eyes The fear of the Lord is pure enduring unto ages of ages The judgments of the Lord are true being altogether just More to be desired are they than gold and a very precious stone Sweeter also than honey and the honeycomb For indeed Your servant keeps them In keeping them there is great reward Who will understand his transgressions Cleanse me from hidden sins And spare your servant from unnatural sins If they have no dominion over me then I shall be blameless And I shall be cleansed from great sin Let the words of my mouth and the meditation of my heart Be always pleasing before You O Lord my helper and my redeemer,False,3
prayer,SBERT,1,7.58,Bible,46,For the End a psalm for the sons of Korah Oh clap your hands all you nations Shout to God with the voice of rejoicing For the Lord Most High is fearsome A great King over all the earth He subdued the peoples under us And the nations under our feet He chose us for His inheritance Jacobs beauty which He loved Pause God ascended with a shout The Lord with the sound of the trumpet Sing praises to God sing praises Sing praises to our King sing praises For God is King of all the earth Sing praises with understanding God reigns over the nations God sits on His holy throne The rulers of the people gather together With the God of Abraham For Gods mighty ones of the earth are greatly exalted,False,2
prayer,TF-IDF,1,21.109873478532872,Bible,101,1A prayer by a poor man when he was depressed and poured out his supplication before the  Lord Hear my prayer O Lord And let my cry come to You Do not turn Your face from me In the day when I am afflicted incline Your ear to me In the day when I call upon You hear me quickly For my days vanished like smoke And my bones burned up like firewood Iwas cut down like grass and my heart became withered For I forgot to eat my bread Because of the sound of my groaning My bones cleaved to my flesh I have become like a pelican in a desert I have become like an owl in a ruined house I kept watch and have become Like a sparrow alone on a housetop My enemies reproached me all day long And those who praised me swore against me For I ate ashes like bread And mixed my drink with weeping Because of the wrath of Your countenance and Your anger For You lifted me up and broke me down My days were far spent like a shadow And I am withered like grass But You O Lord remain forever And Your remembrance is from generation to generation When You rise up You shall have compassion on Zion For it is time to have compassion on her because the time is come For Your servants took pleasure in her stones And they shall have compassion for her dust And the Gentiles shall fear the name of the Lord And all the kings of the earth Your glory For the Lord shall build Zion And He shall be seen in His glory He regarded the prayer of the humble And He did not despise their supplication Let this be written for another generation And the people who are created shall praise the Lord For He looked down from the height of His holy place The Lord looked upon the earth from heaven To hear the groaning of those bound To set free the sons of the slain To declare the Lords name in Zion And His praise in Jerusalem When the peoples and the kingdoms Are gathered together to serve the Lord He replied to Him in the way of strength Declare to me the fewness of my days Take me not away in the midst of my days Your years are throughout all generations In the beginning O Lord You founded the earth And the heavens are the works of Your hands They shall perish but You shall remain And all things shall grow old like a garment And like a cloak You shall change them And they shall be changed But You are the same and Your years shall not fail The children of Your servants shall dwell there And their seed shall be led to prosperity forever,False,1
“Which psalms use parallelism heavily to emphasize moral contrast between the righteous and the wicked?”,TF-IDF + GloVe,2,13.98,Bible,122,1An ode of ascents Ilift my eyes to You Whodwell in heaven Behold as the eyes of servants look to the hands of their masters As the eyes of the maidservant look to the hands of her mistress So our eyes look to the Lord our God Until He shall have compassion on us Have mercy on us O Lord have mercy on us For we are greatly filled with contempt Our soul is greatly filled with it We are a disgrace to those who prosper And a contempt to the arrogant,False,4
“Which psalms use parallelism heavily to emphasize moral contrast between the righteous and the wicked?”,BERT,2,69.36,Bible,36,Of David Do not be envious of those who do evil Nor be jealous of those who work lawlessness For like grass they shall be dried up quickly And like green vegetables they shall swiftly wither Hope in the Lord and work goodness Dwell in the land and you shall be nurtured by its riches Delight in the Lord And He will give you the requests of your heart Reveal your way to the Lord And hope in Him and He will do it He shall bring forth your righteousness as light And your judgment as the noonday sun Submit to the Lord and supplicate Him Do not be envious of him who prospers in his way Nor of him who transgresses the law Cease from wrath and forsake anger Do not be envious so as to do evil Because evildoers will be destroyed But those whowait on the Lord these shall inherit the earth For in a little while the sinner shall no longer be present And you will look for his place but not find it But the gentle shall inherit the earth And they will delight in the fullness of peace The sinner will closely observe the just man And gnash at him with his teeth But the Lord shall laugh at him Because He foresees his day will come The sinners draw the sword And stretch their bow To cast down the poor and needy To slay the upright in heart May their sword enter their heart And may their bows be shattered Better the little with the just man Than the great riches of sinners For the arms of sinners shall be shattered But the Lord supports the righteous The Lord knows the ways of the blameless And their inheritance shall be forever They shall not be ashamed in an evil time And in days of famine they shall be filled But the sinners shall perish And the enemies of the Lord altogether When they glorify and exalt themselves Like smoke they shall vanish away The sinner borrows but will not repay However the righteous man is compassionate and gives For those who bless Him shall inherit the earth But those who curse Him shall be utterly destroyed The steps of a man are guided aright by the Lord And he shall desire His way When he falls he shall not be broken to pieces For the Lord supports him with His hand Iwas young but indeed Igrew old Yet I have not seen the righteous forsaken Nor his seed begging bread Day in and out he is merciful and lends And his seed shall be a blessing Turn away from evil and do good And dwell unto ages of ages For the Lord loves judgment And He will not abandon His holy ones They shall be kept forever But the lawless shall be banished And the seed of the ungodly shall be utterly destroyed The righteous shall inherit the earth And dwell upon it unto ages of ages The mouth of the righteous shall meditate on wisdom And his tongue shall speak of judgment The law of God is in his heart And his steps shall not be tripped up The sinner observes the righteous man And seeks to put him to death But the Lord will not leave him in his hands Nor condemn him when He judges him Wait on the Lord and keep His way And He shall exalt you to inherit the earth You shall see the sinners when they are utterly destroyed Isaw the ungodly greatly exalted And lifting himself up like the cedars of Lebanon And I passed by and behold he was not And I sought for him But his place was not found Keep innocence and behold uprightness For this is the remnant for the peaceful man But transgressors shall be utterly destroyed together The remnants of the ungodly shall be utterly destroyed Now the salvation of the righteous is from the Lord And He is their protector in time of affliction And the Lord shall help them and deliver them And He shall deliver them from sinners And save them because they hope in Him,False,3
“Which psalms use parallelism heavily to emphasize moral contrast between the righteous and the wicked?”,SBERT,2,10.88,Bible,68,For the End concerning things that shall be changed by David Save me O God for the waters flood my soul Iam stuck in the mire of the sea and there is noplace tostand I came into the depths of the sea and the storm overwhelmed me I grow weary with crying my throat is hoarse My eyes fail me from hoping in my God Those who hate me without a cause multiplied even more than the hairs of my head My enemies who persecute me unjustly have become strong Then I paid for things I did not steal O God You know my foolishness And my transgressions are not hidden from You O Lord O Lord of hosts let not those who wait for You be put to shame because of me O God of Israel let not those who seek You feel ashamed because of me For Your sake Ibore disgrace Humiliation covered my face I am become a stranger to my brothers An alien to my mothers sons For the zeal of Your house consumed me And the insults of those who disgraced You fell on me I bent down my soul with fasting And it became a disgrace for me I also made sackcloth my garment And I became a byword to them Those who sit at the gate were talking against me And those who drink wine were singing about me But I O Lord pray with my prayer to You It is the time of Your goodwill O God in the abundance of Your mercies In the truth of Your salvation hear me Save me from the mire that I may not be stuck therein Deliver me from those who hate me and from the depths of the waters Let not a storm of water drown me Neither let the deep swallow me up Nor the well enclose its mouth upon me Hear me O Lord for Your mercy is good According to Your abundant compassion look upon me Turn not Your face from Your child For I am afflicted hear me speedily Give heed to my soul and redeem it Deliver me because of my enemies For You know my disgrace And my shame and humiliation All who afflict me are before You My soul expected disgrace and trouble And I waited for someone to sympathize with me but no one was there And for comforters but I found not one They gave me gall for my food And they gave me vinegar for my drink Let their table become a snare before them And a recompense and a stumbling block Let their eyes be darkened so they may not see And bend down their backs continually Pour out Your anger upon them And let the fury of Your wrath lay hold of them Let their dwelling place be laid waste And let no one live in their tents For they pursued closely the one You slew And they added to the pain of my wounds Add lawlessness to their lawlessness And let them not enter into Your righteousness Let them be blotted out from the book of the living And not be written with the righteous I am poor and suffering And the salvation of Your presence O God lays hold of me I will praise Gods name with a song I will magnify Him in praise And this shall be more pleasing to God Than a young bull with horns and hooves Let the poor behold this and be glad Seek God and your soul shall live For the Lord hears the poor And does not despise His prisoners Let heaven and earth praise Him The seas and everything that moves in them For God shall save Zion And the cities of Judah shall be built And they shall dwell therein and inherit it And the seed of His servants shall possess it And those who love His name shall dwell in it,False,2
“Which psalms use parallelism heavily to emphasize moral contrast between the righteous and the wicked?”,TF-IDF,2,10.141936812653524,Psalter,63,"Hear my prayer, O God, when I make supplication unto Thee; rescue my soul from fear of the enemy. Shelter me from the assembly of the wicked, from the multitude of the workers of unrighteousness. They have whetted their tongues like a sword, they have bent their bow, a bitter thing, that they may shoot in secret at the blameless. Suddenly will they will shoot at him, and will not fear; they have strengthened themselves with a wicked word. They have communed of laying snares privily; they said, Who shall see them? They searched out iniquity; they wearied themselves with a diligent search. A man shall draw near, and the heart is deep; and God shall be exalted. As an arrow of babes are their blows, and their tongues were weakened against them. All that saw them were troubled, and every man feared. And they declared the works of God, and understood His doings. The righteous shall be glad in the Lord, and shall hope in Him, and all the upright in heart shall be praised.",False,1
"Blessed is God, who illuminate and sanctifieth every man that cometh into the world: now and ever, and unto ages of ages. ",TF-IDF + GloVe,1,16.0,Bible,79,1For the End concerning things that shall be changed a testimony for Asaph a psalm  concerning the Assyrian Give heed O You who shepherd Israel Reveal Yourself O You who lead Joseph like a flock Who sit upon the cherubim Raise up Your power Before Ephraim Benjamin and Manasseh And come for our salvation O God convert us And reveal Your face and we shall be saved O Lord God of hosts How long will You be angry with the prayer of Your servant Will You feed us the bread of tears And will You give us as drink tears in measure You made us an offense to our neighbors And our enemies sneered at us O Lord God convert us And reveal Your face and we shall be saved Pause You removed a vineyard from Egypt You cast out the nations and planted it You prepared the way before it And You planted its roots and the earth was filled Its shade covered the mountains And its vines the cedars of God Its branches reached to the sea And its shoots as far as the river Why did You pull down its hedge And all who pass on the road gather its grapes A wild swine from the forest laid it waste A solitary wild beast devoured it O God of hosts convert us now Look down from heaven and behold And visit this vineyard Which Your right hand planted and perfect it And visit the son of man whom You strengthened for Yourself It was set on fire and uprooted But they shall perish at the rebuke of Your face Let Your hand be upon the man of Your right hand And upon the son of man whom You strengthened for Yourself Then we will not turn away from You You will give us life and we will call upon Your name O Lord God of hosts convert us and reveal Your face and we shall be saved,False,4
"Blessed is God, who illuminate and sanctifieth every man that cometh into the world: now and ever, and unto ages of ages. ",BERT,1,84.78,Psalter,34,"Judge Thou, O Lord, them that do me injustice; fight against them that fight against me. Take hold of weapon and buckler, and rise up for mine help. Draw out the sword, and stop the way against them that persecute me; say unto my soul, I am Thy salvation. Let them be ashamed and confounded that seek after my soul; let them be turned back and put to shame that devise evil against me. Let them become as chaff before the face of the wind, and let the angel of the Lord afflict them. Let their way be dark and slippery, and let the angel of the Lord pursue them. For without cause have they hid for me destruction in their snare; without cause have they reproached my soul. Let a snare come upon him unawares, and let the snare that he hath hid catch himself; and into that very snare let him fall. But my soul shall exult in the Lord; it shall delight in His salvation. All my bones shall say, Lord, O Lord, who is like unto Thee, Which deliverest the poor from the hand of them that are too strong for him, yea, the poor and needy from them that spoil him? Unjust witnesses did rise up; they charged me with things that I knew not. They rewarded me evil for good, and barrenness to my soul. But as for me, when they troubled me, I put on sackcloth, and humbled my soul with fasting; and my prayer shall return into mine own bosom. I sought to please, as though it had been my neighbour or brother; I humbled myself, as one that is mourning and sad of countenance. But they rejoiced against me, and gathered themselves together; plagues were gathered together upon me, and I knew it not. They were scattered, yet they were not pricked at the heart. They tempted me, they scoffed at me with scorn, they gnashed upon me with their teeth. Lord, when wilt Thou look upon me? Rescue my soul from their mischief, mine onlybegotten one from the lions. I will give Thee thanks in the great congregation; I will praise Thee among a mighty people. Let not them that are my enemies wrongfully rejoice over me, they that hate me without a cause, and wink with the eyes. For they spake unto me peaceably indeed, but in their anger they devised deceits. Yea, they opened their mouth wide against me; they said, Aha, aha, our eyes have seen it. This Thou hast seen, O Lord, keep not silence; O Lord, be not far from me. Arise, O Lord, and attend to my judgment, even unto my cause, my God and my Lord. Judge me, O Lord, according to Thy righteousness; let them not rejoice over me, O Lord my God. Let them not say in their hearts, Aha, aha, it is well to our soul; neither let them say, We have swallowed him up. Let them be ashamed and brought to confusion together that rejoice at my woes. Let them be clothed with shame and confusion that speak great words against me. Let them exult and be glad, that favour my righteous cause; yea, let them that desire the peace of Thy servant say continually, Let the Lord be magnified. And my tongue shall speak of Thy righteousness, and of Thy praise all the day long.",False,3
"Blessed is God, who illuminate and sanctifieth every man that cometh into the world: now and ever, and unto ages of ages. ",SBERT,1,11.99,Bible,130,1An ode of ascents by David OLord My heart is not exalted Neither are my eyes raised up Neither am I carried along in great things Nor in things too marvelous for me If I were not humbleminded But exalted my soul Like a child weaned from his mother So You would reward my soul Let Israel hope in the Lord From this present time and unto the ages,False,2
"Blessed is God, who illuminate and sanctifieth every man that cometh into the world: now and ever, and unto ages of ages. ",TF-IDF,1,30.168425170874187,Psalter,86,"His foundations are in the holy mountains. The Lord loveth the gates of Zion more than all the dwellings of Jacob. Glorious things are spoken of thee, O city of God. I will make mention of Rahab and Babylon to them that know me. And behold the foreigners, and those of Tyre, and the people of the Ethiopians; these were born there. A man shall say, Zion is my mother, and, That man was born in her, and, The Most High Himself hath established her. The Lord shall tell it in His writings of the people and of the princes, even of them that have been born in her. How joyful are all they that have their habitation in Thee!",False,1
