---------- Start job 309177
Loading anaconda3/2025.06
  Loading requirement: glibc/2.35-gcc-12.3.0-apgnhh4
    gcc-runtime/12.3.0-gcc-12.3.0-6x65rea
Python:
Python 3.10.20
4.45.2
Loading checkpoint shards:   0%|          | 0/2 [00:00<?, ?it/s]Loading checkpoint shards:  50%|█████     | 1/2 [00:01<00:01,  1.39s/it]Loading checkpoint shards: 100%|██████████| 2/2 [00:01<00:00,  1.11it/s]Loading checkpoint shards: 100%|██████████| 2/2 [00:01<00:00,  1.03it/s]
Starting from v4.46, the `logits` model output will have the same type as the model (except at train time, where it will always be FP32)
You seem to be using the pipelines sequentially on GPU. In order to maximize efficiency please use a dataset
              Method  Rank
240   TF-IDF + GloVe     1
245             BERT     1
253            SBERT     1
255           TF-IDF     1
1225  TF-IDF + GloVe     1
1230            BERT     1
1238           SBERT     1
1240          TF-IDF     1
Selected query=O Lord God of my salvation, I have cried day and night before thee: let my prayer come before thee: incline thine ear unto my cry.
Selected rank=1
Rows returned=4
RAW: 'X'
RAW: 'A'
RAW: 'A'
RAW: 'X'
RAW: 'X'
RAW: 'A'
Wins: {'A': 1, 'B': 1, 'C': 3, 'D': 1}
Ranking: ['C', 'A', 'B', 'D']
Saved results_scored.csv
              Method  Rank
24    TF-IDF + GloVe     5
29              BERT     5
30             SBERT     5
39            TF-IDF     5
1009  TF-IDF + GloVe     5
1014            BERT     5
1015           SBERT     5
1024          TF-IDF     5
Selected query=For the Peace of the world
Selected rank=5
Rows returned=4
RAW: 'X'
RAW: 'X'
RAW: 'X'
RAW: 'X'
RAW: 'A'
RAW: 'B'
Wins: {'A': 3, 'B': 2, 'C': 1, 'D': 0}
Ranking: ['A', 'B', 'C', 'D']
Saved results_scored.csv
              Method  Rank
572   TF-IDF + GloVe     3
577             BERT     3
581            SBERT     3
587           TF-IDF     3
1557  TF-IDF + GloVe     3
1562            BERT     3
1566           SBERT     3
1572          TF-IDF     3
Selected query=Psalms that express a transition from deep personal lament and feelings of abandonment to renewed trust and praise, especially where the emotional shift is explicit within the same psalm
Selected rank=3
Rows returned=4
RAW: 'X'
RAW: 'A'
RAW: 'X'
RAW: 'X'
RAW: 'X'
RAW: 'A'
Wins: {'A': 2, 'B': 0, 'C': 1, 'D': 3}
Ranking: ['D', 'A', 'C', 'B']
Saved results_scored.csv
              Method  Rank
62    TF-IDF + GloVe     3
67              BERT     3
70             SBERT     3
77            TF-IDF     3
1047  TF-IDF + GloVe     3
1052            BERT     3
1055           SBERT     3
1062          TF-IDF     3
Selected query=How does the psalmist express trust in God while surrounded by fear and uncertainty?
Selected rank=3
Rows returned=4
RAW: 'A'
RAW: 'X'
RAW: 'A'
RAW: 'X'
RAW: 'A'
RAW: 'X'
Wins: {'A': 2, 'B': 0, 'C': 1, 'D': 3}
Ranking: ['D', 'A', 'C', 'B']
Saved results_scored.csv
              Method  Rank
2     TF-IDF + GloVe     3
7               BERT     3
10             SBERT     3
17            TF-IDF     3
987   TF-IDF + GloVe     3
992             BERT     3
995            SBERT     3
1002          TF-IDF     3
Selected query=Create in me a clean heart
Selected rank=3
Rows returned=4
RAW: 'X'
RAW: 'A'
RAW: 'X'
RAW: 'A'
RAW: 'A'
RAW: 'X'
Wins: {'A': 1, 'B': 3, 'C': 2, 'D': 0}
Ranking: ['B', 'C', 'A', 'D']
Saved results_scored.csv
     Method  Rank
342    BERT     3
349   SBERT     3
1327   BERT     3
1334  SBERT     3
Selected query=Forgivness
Selected rank=3
Rows returned=2
RAW: 'A'
Wins: {'A': 0, 'B': 1}
Ranking: ['B', 'A']
Saved results_scored.csv
              Method  Rank
752   TF-IDF + GloVe     3
757             BERT     3
764            SBERT     3
767           TF-IDF     3
1737  TF-IDF + GloVe     3
1742            BERT     3
1749           SBERT     3
1752          TF-IDF     3
Selected query=For His mercy endureth forever
Selected rank=3
Rows returned=4
RAW: 'X'
RAW: 'X'
RAW: 'B'
RAW: 'A'
RAW: 'A'
RAW: 'B'
Wins: {'A': 2, 'B': 1, 'C': 1, 'D': 2}
Ranking: ['A', 'D', 'B', 'C']
Saved results_scored.csv
              Method  Rank
531   TF-IDF + GloVe     2
536             BERT     2
543            SBERT     2
546           TF-IDF     2
1516  TF-IDF + GloVe     2
1521            BERT     2
1528           SBERT     2
1531          TF-IDF     2
Selected query=“Find psalms that include both crying out for help and later declaring confidence in God’s justice”
Selected rank=2
Rows returned=4
RAW: 'A'
RAW: 'A'
RAW: 'X'
RAW: 'X'
RAW: 'B'
RAW: 'X'
Wins: {'A': 2, 'B': 2, 'C': 1, 'D': 1}
Ranking: ['A', 'B', 'C', 'D']
Saved results_scored.csv
              Method  Rank
753   TF-IDF + GloVe     4
758             BERT     4
763            SBERT     4
768           TF-IDF     4
1738  TF-IDF + GloVe     4
1743            BERT     4
1748           SBERT     4
1753          TF-IDF     4
Selected query=For His mercy endureth forever
Selected rank=4
Rows returned=4
RAW: 'X'
RAW: 'A'
RAW: 'A'
RAW: 'A'
RAW: 'X'
RAW: 'B'
Wins: {'A': 3, 'B': 1, 'C': 0, 'D': 2}
Ranking: ['A', 'D', 'B', 'C']
Saved results_scored.csv
              Method  Rank
124   TF-IDF + GloVe     5
129             BERT     5
134            SBERT     5
139           TF-IDF     5
1109  TF-IDF + GloVe     5
1114            BERT     5
1119           SBERT     5
1124          TF-IDF     5
Selected query=prayer
Selected rank=5
Rows returned=4
RAW: 'A'
RAW: 'A'
RAW: 'A'
RAW: 'X'
RAW: 'B'
RAW: 'A'
Wins: {'A': 1, 'B': 1, 'C': 2, 'D': 2}
Ranking: ['C', 'D', 'A', 'B']
Saved results_scored.csv
              Method  Rank
552   TF-IDF + GloVe     3
557             BERT     3
560            SBERT     3
567           TF-IDF     3
1537  TF-IDF + GloVe     3
1542            BERT     3
1545           SBERT     3
1552          TF-IDF     3
Selected query=“Psalms that express deep lament and trust in God simultaneously during periods of persecution and feeling abandoned”
Selected rank=3
Rows returned=4
RAW: 'A'
RAW: 'X'
RAW: 'A'
RAW: 'X'
RAW: 'X'
RAW: 'A'
Wins: {'A': 0, 'B': 3, 'C': 2, 'D': 1}
Ranking: ['B', 'C', 'D', 'A']
Saved results_scored.csv
              Method  Rank
301   TF-IDF + GloVe     2
306             BERT     2
310            SBERT     2
316           TF-IDF     2
1286  TF-IDF + GloVe     2
1291            BERT     2
1295           SBERT     2
1301          TF-IDF     2
Selected query=The Choir of the Saints have found the fountain of life and the door of pardice. May I also find the right way through repentence, I am a lost sheep. Call me, O Savior, and save me. 
Selected rank=2
Rows returned=4
RAW: 'A'
RAW: 'X'
RAW: 'X'
RAW: 'A'
RAW: 'A'
RAW: 'X'
Wins: {'A': 3, 'B': 1, 'C': 2, 'D': 0}
Ranking: ['A', 'C', 'B', 'D']
Saved results_scored.csv
              Method  Rank
263   TF-IDF + GloVe     4
268             BERT     4
270            SBERT     4
278           TF-IDF     4
1248  TF-IDF + GloVe     4
1253            BERT     4
1255           SBERT     4
1263          TF-IDF     4
Selected query=God is the Lord, which has shewed us light. Blessed is he that cometh in the name of the Lord
Selected rank=4
Rows returned=4
RAW: 'X'
RAW: 'X'
RAW: 'A'
RAW: 'A'
RAW: 'X'
RAW: 'A'
Wins: {'A': 3, 'B': 0, 'C': 2, 'D': 1}
Ranking: ['A', 'C', 'D', 'B']
Saved results_scored.csv
              Method  Rank
261   TF-IDF + GloVe     2
266             BERT     2
273            SBERT     2
276           TF-IDF     2
1246  TF-IDF + GloVe     2
1251            BERT     2
1258           SBERT     2
1261          TF-IDF     2
Selected query=God is the Lord, which has shewed us light. Blessed is he that cometh in the name of the Lord
Selected rank=2
Rows returned=4
RAW: 'X'
RAW: 'A'
RAW: 'X'
RAW: 'X'
RAW: 'X'
RAW: 'X'
Wins: {'A': 2, 'B': 2, 'C': 1, 'D': 1}
Ranking: ['A', 'B', 'C', 'D']
Saved results_scored.csv
              Method  Rank
240   TF-IDF + GloVe     1
245             BERT     1
253            SBERT     1
255           TF-IDF     1
1225  TF-IDF + GloVe     1
1230            BERT     1
1238           SBERT     1
1240          TF-IDF     1
Selected query=O Lord God of my salvation, I have cried day and night before thee: let my prayer come before thee: incline thine ear unto my cry.
Selected rank=1
Rows returned=4
RAW: 'X'
RAW: 'X'
RAW: 'A'
RAW: 'A'
RAW: 'A'
RAW: 'X'
Wins: {'A': 1, 'B': 2, 'C': 2, 'D': 1}
Ranking: ['B', 'C', 'A', 'D']
Saved results_scored.csv
              Method  Rank
3     TF-IDF + GloVe     4
8               BERT     4
11             SBERT     4
18            TF-IDF     4
988   TF-IDF + GloVe     4
993             BERT     4
996            SBERT     4
1003          TF-IDF     4
Selected query=Create in me a clean heart
Selected rank=4
Rows returned=4
RAW: 'B'
RAW: 'B'
RAW: 'A'
RAW: 'A'
RAW: 'X'
RAW: 'A'
Wins: {'A': 0, 'B': 2, 'C': 2, 'D': 2}
Ranking: ['B', 'C', 'D', 'A']
Saved results_scored.csv
              Method  Rank
611   TF-IDF + GloVe     2
616             BERT     2
623            SBERT     2
626           TF-IDF     2
1596  TF-IDF + GloVe     2
1601            BERT     2
1608           SBERT     2
1611          TF-IDF     2
Selected query=Which psalms focus on repentance and moral failure, where the psalmist confesses sin, acknowledges personal guilt, and pleads for inner spiritual renewal and cleansing
Selected rank=2
Rows returned=4
RAW: 'A'
RAW: 'X'
RAW: 'A'
RAW: 'X'
RAW: 'X'
RAW: 'X'
Wins: {'A': 1, 'B': 0, 'C': 3, 'D': 2}
Ranking: ['C', 'D', 'A', 'B']
Saved results_scored.csv
              Method  Rank
773   TF-IDF + GloVe     4
778             BERT     4
782            SBERT     4
788           TF-IDF     4
1758  TF-IDF + GloVe     4
1763            BERT     4
1767           SBERT     4
1773          TF-IDF     4
Selected query=Lord I have cried unto thee
Selected rank=4
Rows returned=4
RAW: 'B'
RAW: 'X'
RAW: 'B'
RAW: 'A'
RAW: 'A'
RAW: 'X'
Wins: {'A': 2, 'B': 3, 'C': 1, 'D': 0}
Ranking: ['B', 'A', 'C', 'D']
Saved results_scored.csv
              Method  Rank
770   TF-IDF + GloVe     1
775             BERT     1
784            SBERT     1
785           TF-IDF     1
1755  TF-IDF + GloVe     1
1760            BERT     1
1769           SBERT     1
1770          TF-IDF     1
Selected query=Lord I have cried unto thee
Selected rank=1
Rows returned=4
RAW: 'X'
RAW: 'X'
RAW: 'X'
RAW: 'X'
RAW: 'A'
RAW: 'A'
Wins: {'A': 0, 'B': 1, 'C': 3, 'D': 2}
Ranking: ['C', 'D', 'B', 'A']
Saved results_scored.csv
              Method  Rank
410   TF-IDF + GloVe     1
415             BERT     1
423            SBERT     1
425           TF-IDF     1
1395  TF-IDF + GloVe     1
1400            BERT     1
1408           SBERT     1
1410          TF-IDF     1
Selected query=Love for Mankind
Selected rank=1
Rows returned=4
RAW: 'A'
RAW: 'X'
RAW: 'A'
RAW: 'X'
RAW: 'X'
RAW: 'B'
Wins: {'A': 2, 'B': 2, 'C': 1, 'D': 1}
Ranking: ['A', 'B', 'C', 'D']
Saved results_scored.csv
              Method  Rank
611   TF-IDF + GloVe     2
616             BERT     2
623            SBERT     2
626           TF-IDF     2
1596  TF-IDF + GloVe     2
1601            BERT     2
1608           SBERT     2
1611          TF-IDF     2
Selected query=Which psalms focus on repentance and moral failure, where the psalmist confesses sin, acknowledges personal guilt, and pleads for inner spiritual renewal and cleansing
Selected rank=2
Rows returned=4
RAW: 'A'
RAW: 'X'
RAW: 'A'
RAW: 'X'
RAW: 'A'
RAW: 'A'
Wins: {'A': 2, 'B': 1, 'C': 1, 'D': 2}
Ranking: ['A', 'D', 'B', 'C']
Saved results_scored.csv
              Method  Rank
614   TF-IDF + GloVe     5
619             BERT     5
621            SBERT     5
629           TF-IDF     5
1599  TF-IDF + GloVe     5
1604            BERT     5
1606           SBERT     5
1614          TF-IDF     5
Selected query=Which psalms focus on repentance and moral failure, where the psalmist confesses sin, acknowledges personal guilt, and pleads for inner spiritual renewal and cleansing
Selected rank=5
Rows returned=4
RAW: 'A'
RAW: 'A'
RAW: 'A'
RAW: 'X'
RAW: 'A'
RAW: 'A'
Wins: {'A': 1, 'B': 2, 'C': 2, 'D': 1}
Ranking: ['B', 'C', 'A', 'D']
Saved results_scored.csv
              Method  Rank
120   TF-IDF + GloVe     1
125             BERT     1
133            SBERT     1
135           TF-IDF     1
1105  TF-IDF + GloVe     1
1110            BERT     1
1118           SBERT     1
1120          TF-IDF     1
Selected query=prayer
Selected rank=1
Rows returned=4
RAW: 'A'
RAW: 'A'
RAW: 'A'
RAW: 'A'
RAW: 'A'
RAW: 'A'
Wins: {'A': 1, 'B': 2, 'C': 1, 'D': 2}
Ranking: ['B', 'D', 'A', 'C']
Saved results_scored.csv
              Method  Rank
320   TF-IDF + GloVe     1
325             BERT     1
331            SBERT     1
335           TF-IDF     1
1305  TF-IDF + GloVe     1
1310            BERT     1
1316           SBERT     1
1320          TF-IDF     1
Selected query=Be thou exalted, O bridegroom, like unto Abrahaml and be thou blessed, like unto isaac; and do thou multiply like unto Joseph, walking in peace, and keeping the comandments of God in righteousness
Selected rank=1
Rows returned=4
RAW: 'A'
RAW: 'X'
RAW: 'X'
RAW: 'X'
RAW: 'A'
RAW: 'X'
Wins: {'A': 2, 'B': 1, 'C': 2, 'D': 1}
Ranking: ['A', 'C', 'B', 'D']
Saved results_scored.csv
              Method  Rank
41    TF-IDF + GloVe     2
46              BERT     2
52             SBERT     2
56            TF-IDF     2
1026  TF-IDF + GloVe     2
1031            BERT     2
1037           SBERT     2
1041          TF-IDF     2
Selected query=Have mercy on me, O God, have mercy on me. For my soul trusts in Thee, and in the shadow of Thy wings will I hope, until iniquity pass away.
Selected rank=2
Rows returned=4
RAW: 'A'
RAW: 'X'
RAW: 'X'
RAW: 'X'
RAW: 'A'
RAW: 'A'
Wins: {'A': 2, 'B': 1, 'C': 1, 'D': 2}
Ranking: ['A', 'D', 'B', 'C']
Saved results_scored.csv
              Method  Rank
183   TF-IDF + GloVe     4
188             BERT     4
190            SBERT     4
198           TF-IDF     4
199           TF-IDF     4
1168  TF-IDF + GloVe     4
1173            BERT     4
1175           SBERT     4
1183          TF-IDF     4
1184          TF-IDF     4
Selected query=The Lord is my shepherd
Selected rank=4
Rows returned=4
RAW: 'X'
RAW: 'X'
RAW: 'B'
RAW: 'A'
RAW: 'B'
RAW: 'B'
Wins: {'A': 0, 'B': 3, 'C': 2, 'D': 1}
Ranking: ['B', 'C', 'D', 'A']
Saved results_scored.csv
              Method  Rank
202   TF-IDF + GloVe     3
207             BERT     3
211            SBERT     3
217           TF-IDF     3
1187  TF-IDF + GloVe     3
1192            BERT     3
1196           SBERT     3
1202          TF-IDF     3
Selected query=Verses where the psalmist remembers past deliverance and uses it to find hope in present trials.
Selected rank=3
Rows returned=4
RAW: 'A'
RAW: 'A'
RAW: 'X'
RAW: 'A'
RAW: 'X'
RAW: 'X'
Wins: {'A': 1, 'B': 1, 'C': 2, 'D': 2}
Ranking: ['C', 'D', 'A', 'B']
Saved results_scored.csv
              Method  Rank
830   TF-IDF + GloVe     1
835             BERT     1
840            SBERT     1
845           TF-IDF     1
1815  TF-IDF + GloVe     1
1820            BERT     1
1825           SBERT     1
1830          TF-IDF     1
Selected query=The Lord is my helper; I will not fear what man shall do unto me.
Selected rank=1
Rows returned=4
RAW: 'X'
RAW: 'X'
RAW: 'A'
RAW: 'X'
RAW: 'A'
RAW: 'X'
Wins: {'A': 3, 'B': 0, 'C': 2, 'D': 1}
Ranking: ['A', 'C', 'D', 'B']
Saved results_scored.csv
              Method  Rank
771   TF-IDF + GloVe     2
776             BERT     2
780            SBERT     2
786           TF-IDF     2
1756  TF-IDF + GloVe     2
1761            BERT     2
1765           SBERT     2
1771          TF-IDF     2
Selected query=Lord I have cried unto thee
Selected rank=2
Rows returned=4
RAW: 'A'
RAW: 'A'
RAW: 'A'
RAW: 'X'
RAW: 'A'
RAW: 'A'
Wins: {'A': 3, 'B': 0, 'C': 1, 'D': 2}
Ranking: ['A', 'D', 'C', 'B']
Saved results_scored.csv
    Method  Rank
853   BERT     4
858  SBERT     4
Selected query=Deliverance 
Selected rank=4
Rows returned=2
RAW: 'B'
Wins: {'A': 1, 'B': 0}
Ranking: ['A', 'B']
Saved results_scored.csv
              Method  Rank
794   TF-IDF + GloVe     5
799             BERT     5
809           TF-IDF     5
1779  TF-IDF + GloVe     5
1784            BERT     5
1794          TF-IDF     5
Selected query=Have Mercy on me
Selected rank=5
Rows returned=3
RAW: 'A'
RAW: 'A'
RAW: 'A'
Wins: {'A': 0, 'B': 1, 'C': 2}
Ranking: ['C', 'B', 'A']
Saved results_scored.csv
              Method  Rank
632   TF-IDF + GloVe     3
637             BERT     3
640            SBERT     3
647           TF-IDF     3
1617  TF-IDF + GloVe     3
1622            BERT     3
1625           SBERT     3
1632          TF-IDF     3
Selected query=Psalms that reflect on human mortality and the fragility of life in contrast with the eternal nature of God, including meditations on time, death, and divine permanence
Selected rank=3
Rows returned=4
RAW: 'X'
RAW: 'X'
RAW: 'A'
RAW: 'A'
RAW: 'X'
RAW: 'A'
Wins: {'A': 2, 'B': 2, 'C': 2, 'D': 0}
Ranking: ['A', 'B', 'C', 'D']
Saved results_scored.csv
     Method  Rank
378    BERT     4
380   SBERT     4
382   SBERT     4
1363   BERT     4
1365  SBERT     4
1367  SBERT     4
Selected query=Belief 
Selected rank=4
Rows returned=2
RAW: 'X'
Wins: {'A': 0, 'B': 1}
Ranking: ['B', 'A']
Saved results_scored.csv
              Method  Rank
494   TF-IDF + GloVe     5
499             BERT     5
504            SBERT     5
509           TF-IDF     5
1479  TF-IDF + GloVe     5
1484            BERT     5
1489           SBERT     5
1494          TF-IDF     5
Selected query=Psalms containing repeated rhetorical questions directed at God during moments of suffering
Selected rank=5
Rows returned=4
RAW: 'X'
RAW: 'A'
RAW: 'B'
RAW: 'X'
RAW: 'X'
RAW: 'A'
Wins: {'A': 2, 'B': 1, 'C': 0, 'D': 3}
Ranking: ['D', 'A', 'B', 'C']
Saved results_scored.csv
              Method  Rank
574   TF-IDF + GloVe     5
579             BERT     5
580            SBERT     5
589           TF-IDF     5
1559  TF-IDF + GloVe     5
1564            BERT     5
1565           SBERT     5
1574          TF-IDF     5
Selected query=Psalms that express a transition from deep personal lament and feelings of abandonment to renewed trust and praise, especially where the emotional shift is explicit within the same psalm
Selected rank=5
Rows returned=4
RAW: 'A'
RAW: 'A'
RAW: 'A'
RAW: 'X'
RAW: 'X'
RAW: 'X'
Wins: {'A': 2, 'B': 1, 'C': 1, 'D': 2}
Ranking: ['A', 'D', 'B', 'C']
Saved results_scored.csv
              Method  Rank
810   TF-IDF + GloVe     1
815             BERT     1
823            SBERT     1
825           TF-IDF     1
1795  TF-IDF + GloVe     1
1800            BERT     1
1808           SBERT     1
1810          TF-IDF     1
Selected query=God with with us
Selected rank=1
Rows returned=4
RAW: 'X'
RAW: 'X'
RAW: 'A'
RAW: 'X'
RAW: 'A'
RAW: 'A'
Wins: {'A': 0, 'B': 2, 'C': 2, 'D': 2}
Ranking: ['B', 'C', 'D', 'A']
Saved results_scored.csv
              Method  Rank
84    TF-IDF + GloVe     5
89              BERT     5
99            TF-IDF     5
1069  TF-IDF + GloVe     5
1074            BERT     5
1084          TF-IDF     5
Selected query=mercy
Selected rank=5
Rows returned=3
RAW: 'A'
RAW: 'A'
RAW: 'X'
Wins: {'A': 1, 'B': 0, 'C': 2}
Ranking: ['C', 'A', 'B']
Saved results_scored.csv
              Method  Rank
830   TF-IDF + GloVe     1
835             BERT     1
840            SBERT     1
845           TF-IDF     1
1815  TF-IDF + GloVe     1
1820            BERT     1
1825           SBERT     1
1830          TF-IDF     1
Selected query=The Lord is my helper; I will not fear what man shall do unto me.
Selected rank=1
Rows returned=4
RAW: 'A'
RAW: 'X'
RAW: 'A'
RAW: 'A'
RAW: 'A'
RAW: 'X'
Wins: {'A': 0, 'B': 2, 'C': 2, 'D': 2}
Ranking: ['B', 'C', 'D', 'A']
Saved results_scored.csv
              Method  Rank
491   TF-IDF + GloVe     2
496             BERT     2
503            SBERT     2
506           TF-IDF     2
1476  TF-IDF + GloVe     2
1481            BERT     2
1488           SBERT     2
1491          TF-IDF     2
Selected query=Psalms containing repeated rhetorical questions directed at God during moments of suffering
Selected rank=2
Rows returned=4
RAW: 'B'
RAW: 'A'
RAW: 'X'
RAW: 'B'
RAW: 'X'
RAW: 'A'
Wins: {'A': 1, 'B': 2, 'C': 2, 'D': 1}
Ranking: ['B', 'C', 'A', 'D']
Saved results_scored.csv
              Method  Rank
414   TF-IDF + GloVe     5
419             BERT     5
422            SBERT     5
429           TF-IDF     5
1399  TF-IDF + GloVe     5
1404            BERT     5
1407           SBERT     5
1414          TF-IDF     5
Selected query=Love for Mankind
Selected rank=5
Rows returned=4
RAW: 'B'
RAW: 'A'
RAW: 'A'
RAW: 'X'
RAW: 'X'
RAW: 'A'
Wins: {'A': 1, 'B': 2, 'C': 2, 'D': 1}
Ranking: ['B', 'C', 'A', 'D']
Saved results_scored.csv
              Method  Rank
61    TF-IDF + GloVe     2
66              BERT     2
73             SBERT     2
76            TF-IDF     2
1046  TF-IDF + GloVe     2
1051            BERT     2
1058           SBERT     2
1061          TF-IDF     2
Selected query=How does the psalmist express trust in God while surrounded by fear and uncertainty?
Selected rank=2
Rows returned=4
RAW: 'X'
RAW: 'A'
RAW: 'A'
RAW: 'A'
RAW: 'X'
RAW: 'X'
Wins: {'A': 1, 'B': 1, 'C': 3, 'D': 1}
Ranking: ['C', 'A', 'B', 'D']
Saved results_scored.csv
              Method  Rank
734   TF-IDF + GloVe     5
739             BERT     5
749           TF-IDF     5
1719  TF-IDF + GloVe     5
1724            BERT     5
1734          TF-IDF     5
Selected query=Harken unto my prayer
Selected rank=5
Rows returned=3
RAW: 'X'
RAW: 'X'
RAW: 'A'
Wins: {'A': 1, 'B': 0, 'C': 2}
Ranking: ['C', 'A', 'B']
Saved results_scored.csv
              Method  Rank
281   TF-IDF + GloVe     2
286             BERT     2
292            SBERT     2
296           TF-IDF     2
1266  TF-IDF + GloVe     2
1271            BERT     2
1277           SBERT     2
1281          TF-IDF     2
Selected query=When the stone had been sealed by the Jews; while the soldiers were guarding Thy most pure Body; Thou didst rise on the third day, O Savior, granting life to the world. The powers of heaven therefore cried to Thee, O Giver of Life: Glory to Thy Resurrection, O Christ! Glory to Thy Kingdom! Glory to Thy dispensation, O Thou who lovest mankind.
Selected rank=2
Rows returned=4
RAW: 'X'
RAW: 'X'
RAW: 'A'
RAW: 'A'
RAW: 'X'
RAW: 'A'
Wins: {'A': 2, 'B': 1, 'C': 1, 'D': 2}
Ranking: ['A', 'D', 'B', 'C']
Saved results_scored.csv
              Method  Rank
181   TF-IDF + GloVe     2
186             BERT     2
192            SBERT     2
196           TF-IDF     2
1166  TF-IDF + GloVe     2
1171            BERT     2
1177           SBERT     2
1181          TF-IDF     2
Selected query=The Lord is my shepherd
Selected rank=2
Rows returned=4
RAW: 'B'
RAW: 'X'
RAW: 'A'
RAW: 'X'
RAW: 'X'
RAW: 'A'
Wins: {'A': 1, 'B': 1, 'C': 1, 'D': 3}
Ranking: ['D', 'A', 'B', 'C']
Saved results_scored.csv
              Method  Rank
22    TF-IDF + GloVe     3
27              BERT     3
34             SBERT     3
37            TF-IDF     3
1007  TF-IDF + GloVe     3
1012            BERT     3
1019           SBERT     3
1022          TF-IDF     3
Selected query=For the Peace of the world
Selected rank=3
Rows returned=4
RAW: 'X'
RAW: 'X'
RAW: 'X'
RAW: 'A'
RAW: 'A'
RAW: 'X'
Wins: {'A': 2, 'B': 1, 'C': 2, 'D': 1}
Ranking: ['A', 'C', 'B', 'D']
Saved results_scored.csv
              Method  Rank
304   TF-IDF + GloVe     5
309             BERT     5
319           TF-IDF     5
1289  TF-IDF + GloVe     5
1294            BERT     5
1304          TF-IDF     5
Selected query=The Choir of the Saints have found the fountain of life and the door of pardice. May I also find the right way through repentence, I am a lost sheep. Call me, O Savior, and save me. 
Selected rank=5
Rows returned=3
RAW: 'X'
RAW: 'A'
RAW: 'A'
Wins: {'A': 1, 'B': 1, 'C': 1}
Ranking: ['A', 'B', 'C']
Saved results_scored.csv
              Method  Rank
554   TF-IDF + GloVe     5
559             BERT     5
564            SBERT     5
569           TF-IDF     5
1539  TF-IDF + GloVe     5
1544            BERT     5
1549           SBERT     5
1554          TF-IDF     5
Selected query=“Psalms that express deep lament and trust in God simultaneously during periods of persecution and feeling abandoned”
Selected rank=5
Rows returned=4
RAW: 'A'
RAW: 'A'
RAW: 'X'
RAW: 'X'
RAW: 'X'
RAW: 'X'
Wins: {'A': 2, 'B': 2, 'C': 0, 'D': 2}
Ranking: ['A', 'B', 'D', 'C']
Saved results_scored.csv
              Method  Rank
754   TF-IDF + GloVe     5
759             BERT     5
761            SBERT     5
769           TF-IDF     5
1739  TF-IDF + GloVe     5
1744            BERT     5
1746           SBERT     5
1754          TF-IDF     5
Selected query=For His mercy endureth forever
Selected rank=5
Rows returned=4
RAW: 'A'
RAW: 'X'
RAW: 'A'
RAW: 'A'
RAW: 'A'
RAW: 'X'
Wins: {'A': 3, 'B': 2, 'C': 0, 'D': 1}
Ranking: ['A', 'B', 'D', 'C']
Saved results_scored.csv
              Method  Rank
204   TF-IDF + GloVe     5
209             BERT     5
210            SBERT     5
219           TF-IDF     5
1189  TF-IDF + GloVe     5
1194            BERT     5
1195           SBERT     5
1204          TF-IDF     5
Selected query=Verses where the psalmist remembers past deliverance and uses it to find hope in present trials.
Selected rank=5
Rows returned=4
RAW: 'X'
RAW: 'X'
RAW: 'X'
RAW: 'X'
RAW: 'B'
RAW: 'X'
Wins: {'A': 2, 'B': 1, 'C': 1, 'D': 2}
Ranking: ['A', 'D', 'B', 'C']
Saved results_scored.csv
              Method  Rank
24    TF-IDF + GloVe     5
29              BERT     5
30             SBERT     5
39            TF-IDF     5
1009  TF-IDF + GloVe     5
1014            BERT     5
1015           SBERT     5
1024          TF-IDF     5
Selected query=For the Peace of the world
Selected rank=5
Rows returned=4
RAW: 'X'
RAW: 'X'
RAW: 'X'
RAW: 'X'
RAW: 'B'
RAW: 'A'
Wins: {'A': 2, 'B': 2, 'C': 2, 'D': 0}
Ranking: ['A', 'B', 'C', 'D']
Saved results_scored.csv
              Method  Rank
64    TF-IDF + GloVe     5
69              BERT     5
74             SBERT     5
79            TF-IDF     5
1049  TF-IDF + GloVe     5
1054            BERT     5
1059           SBERT     5
1064          TF-IDF     5
Selected query=How does the psalmist express trust in God while surrounded by fear and uncertainty?
Selected rank=5
Rows returned=4
RAW: 'A'
RAW: 'X'
RAW: 'A'
RAW: 'A'
RAW: 'X'
RAW: 'X'
Wins: {'A': 1, 'B': 2, 'C': 0, 'D': 3}
Ranking: ['D', 'B', 'A', 'C']
Saved results_scored.csv
              Method  Rank
831   TF-IDF + GloVe     2
836             BERT     2
842            SBERT     2
846           TF-IDF     2
1816  TF-IDF + GloVe     2
1821            BERT     2
1827           SBERT     2
1831          TF-IDF     2
Selected query=The Lord is my helper; I will not fear what man shall do unto me.
Selected rank=2
Rows returned=4
RAW: 'X'
RAW: 'A'
RAW: 'X'
RAW: 'X'
RAW: 'B'
RAW: 'X'
Wins: {'A': 2, 'B': 0, 'C': 2, 'D': 2}
Ranking: ['A', 'C', 'D', 'B']
Saved results_scored.csv
              Method  Rank
613   TF-IDF + GloVe     4
618             BERT     4
624            SBERT     4
628           TF-IDF     4
1598  TF-IDF + GloVe     4
1603            BERT     4
1609           SBERT     4
1613          TF-IDF     4
Selected query=Which psalms focus on repentance and moral failure, where the psalmist confesses sin, acknowledges personal guilt, and pleads for inner spiritual renewal and cleansing
Selected rank=4
Rows returned=4
RAW: 'A'
RAW: 'X'
RAW: 'X'
RAW: 'A'
RAW: 'A'
RAW: 'X'
Wins: {'A': 1, 'B': 2, 'C': 2, 'D': 1}
Ranking: ['B', 'C', 'A', 'D']
Saved results_scored.csv
              Method  Rank
284   TF-IDF + GloVe     5
289             BERT     5
290            SBERT     5
299           TF-IDF     5
1269  TF-IDF + GloVe     5
1274            BERT     5
1275           SBERT     5
1284          TF-IDF     5
Selected query=When the stone had been sealed by the Jews; while the soldiers were guarding Thy most pure Body; Thou didst rise on the third day, O Savior, granting life to the world. The powers of heaven therefore cried to Thee, O Giver of Life: Glory to Thy Resurrection, O Christ! Glory to Thy Kingdom! Glory to Thy dispensation, O Thou who lovest mankind.
Selected rank=5
Rows returned=4
RAW: 'X'
RAW: 'A'
RAW: 'X'
RAW: 'A'
RAW: 'X'
RAW: 'A'
Wins: {'A': 1, 'B': 3, 'C': 1, 'D': 1}
Ranking: ['B', 'A', 'C', 'D']
Saved results_scored.csv
     Method  Rank
378    BERT     4
380   SBERT     4
382   SBERT     4
1363   BERT     4
1365  SBERT     4
1367  SBERT     4
Selected query=Belief 
Selected rank=4
Rows returned=2
RAW: 'B'
Wins: {'A': 0, 'B': 1}
Ranking: ['B', 'A']
Saved results_scored.csv
              Method  Rank
674   TF-IDF + GloVe     5
679             BERT     5
680            SBERT     5
689           TF-IDF     5
1659  TF-IDF + GloVe     5
1664            BERT     5
1665           SBERT     5
1674          TF-IDF     5
Selected query= Psalms that move from lament and despair to praise and renewed trust in God within the same psalm
Selected rank=5
Rows returned=4
RAW: 'X'
RAW: 'A'
RAW: 'A'
RAW: 'A'
RAW: 'A'
RAW: 'X'
Wins: {'A': 0, 'B': 1, 'C': 3, 'D': 2}
Ranking: ['C', 'D', 'B', 'A']
Saved results_scored.csv
              Method  Rank
591   TF-IDF + GloVe     2
596             BERT     2
600            SBERT     2
606           TF-IDF     2
1576  TF-IDF + GloVe     2
1581            BERT     2
1585           SBERT     2
1591          TF-IDF     2
Selected query=Find psalms that describe God as a refuge and protector in the context of enemies, oppression, or danger, emphasizing both emotional dependence and divine justice
Selected rank=2
Rows returned=4
RAW: 'A'
RAW: 'X'
RAW: 'A'
RAW: 'A'
RAW: 'X'
RAW: 'A'
Wins: {'A': 0, 'B': 2, 'C': 1, 'D': 3}
Ranking: ['D', 'B', 'C', 'A']
Saved results_scored.csv
              Method  Rank
241   TF-IDF + GloVe     2
246             BERT     2
252            SBERT     2
256           TF-IDF     2
1226  TF-IDF + GloVe     2
1231            BERT     2
1237           SBERT     2
1241          TF-IDF     2
Selected query=O Lord God of my salvation, I have cried day and night before thee: let my prayer come before thee: incline thine ear unto my cry.
Selected rank=2
Rows returned=4
RAW: 'A'
RAW: 'X'
RAW: 'X'
RAW: 'X'
RAW: 'X'
RAW: 'A'
Wins: {'A': 2, 'B': 2, 'C': 2, 'D': 0}
Ranking: ['A', 'B', 'C', 'D']
Saved results_scored.csv
              Method  Rank
104   TF-IDF + GloVe     5
109             BERT     5
112            SBERT     5
119           TF-IDF     5
1089  TF-IDF + GloVe     5
1094            BERT     5
1097           SBERT     5
1104          TF-IDF     5
Selected query=praise in times of suffering
Selected rank=5
Rows returned=4
RAW: 'X'
RAW: 'X'
RAW: 'X'
RAW: 'X'
RAW: 'X'
RAW: 'X'
Wins: {'A': 1, 'B': 2, 'C': 2, 'D': 1}
Ranking: ['B', 'C', 'A', 'D']
Saved results_scored.csv
              Method  Rank
200   TF-IDF + GloVe     1
205             BERT     1
213            SBERT     1
215           TF-IDF     1
1185  TF-IDF + GloVe     1
1190            BERT     1
1198           SBERT     1
1200          TF-IDF     1
Selected query=Verses where the psalmist remembers past deliverance and uses it to find hope in present trials.
Selected rank=1
Rows returned=4
RAW: 'A'
RAW: 'X'
RAW: 'A'
RAW: 'A'
RAW: 'A'
RAW: 'B'
Wins: {'A': 2, 'B': 1, 'C': 1, 'D': 2}
Ranking: ['A', 'D', 'B', 'C']
Saved results_scored.csv
              Method  Rank
140   TF-IDF + GloVe     1
145             BERT     1
150            SBERT     1
155           TF-IDF     1
1125  TF-IDF + GloVe     1
1130            BERT     1
1135           SBERT     1
1140          TF-IDF     1
Selected query=protection from enemies
Selected rank=1
Rows returned=4
RAW: 'A'
RAW: 'X'
RAW: 'A'
RAW: 'A'
RAW: 'A'
RAW: 'X'
Wins: {'A': 2, 'B': 0, 'C': 1, 'D': 3}
Ranking: ['D', 'A', 'C', 'B']
Saved results_scored.csv
              Method  Rank
82    TF-IDF + GloVe     3
87              BERT     3
93             SBERT     3
94             SBERT     3
97            TF-IDF     3
1067  TF-IDF + GloVe     3
1072            BERT     3
1078           SBERT     3
1079           SBERT     3
1082          TF-IDF     3
Selected query=mercy
Selected rank=3
Rows returned=4
RAW: 'A'
RAW: 'A'
RAW: 'A'
RAW: 'X'
RAW: 'X'
RAW: 'A'
Wins: {'A': 2, 'B': 2, 'C': 1, 'D': 1}
Ranking: ['A', 'B', 'C', 'D']
Saved results_scored.csv
              Method  Rank
774   TF-IDF + GloVe     5
779             BERT     5
781            SBERT     5
789           TF-IDF     5
1759  TF-IDF + GloVe     5
1764            BERT     5
1766           SBERT     5
1774          TF-IDF     5
Selected query=Lord I have cried unto thee
Selected rank=5
Rows returned=4
RAW: 'A'
RAW: 'X'
RAW: 'X'
RAW: 'X'
RAW: 'A'
RAW: 'A'
Wins: {'A': 1, 'B': 1, 'C': 3, 'D': 1}
Ranking: ['C', 'A', 'B', 'D']
Saved results_scored.csv
              Method  Rank
791   TF-IDF + GloVe     2
796             BERT     2
802            SBERT     2
806           TF-IDF     2
1776  TF-IDF + GloVe     2
1781            BERT     2
1787           SBERT     2
1791          TF-IDF     2
Selected query=Have Mercy on me
Selected rank=2
Rows returned=4
RAW: 'A'
RAW: 'A'
RAW: 'X'
RAW: 'X'
RAW: 'A'
RAW: 'X'
Wins: {'A': 2, 'B': 0, 'C': 2, 'D': 2}
Ranking: ['A', 'C', 'D', 'B']
Saved results_scored.csv
              Method  Rank
21    TF-IDF + GloVe     2
26              BERT     2
31             SBERT     2
36            TF-IDF     2
1006  TF-IDF + GloVe     2
1011            BERT     2
1016           SBERT     2
1021          TF-IDF     2
Selected query=For the Peace of the world
Selected rank=2
Rows returned=4
RAW: 'B'
RAW: 'B'
RAW: 'B'
RAW: 'X'
RAW: 'A'
RAW: 'A'
Wins: {'A': 1, 'B': 0, 'C': 3, 'D': 2}
Ranking: ['C', 'D', 'A', 'B']
Saved results_scored.csv
              Method  Rank
355   TF-IDF + GloVe     1
360             BERT     1
365            SBERT     1
370           TF-IDF     1
1340  TF-IDF + GloVe     1
1345            BERT     1
1350           SBERT     1
1355          TF-IDF     1
Selected query=Love
Selected rank=1
Rows returned=4
RAW: 'A'
RAW: 'X'
RAW: 'X'
RAW: 'A'
RAW: 'X'
RAW: 'A'
Wins: {'A': 2, 'B': 2, 'C': 1, 'D': 1}
Ranking: ['A', 'B', 'C', 'D']
Saved results_scored.csv
              Method  Rank
162   TF-IDF + GloVe     3
167             BERT     3
174            SBERT     3
177           TF-IDF     3
1147  TF-IDF + GloVe     3
1152            BERT     3
1159           SBERT     3
1162          TF-IDF     3
Selected query=Rejoice, O ye heavens, sound the trumpets, ye foundation of the earth, thunder forth gladness, O ye mountains: for behold, Emmanuel to the Cross our sins, and the Giver of Life hath slain death, raising up Adam; for He loveth mankind.
Selected rank=3
Rows returned=4
RAW: 'A'
RAW: 'X'
RAW: 'X'
RAW: 'X'
RAW: 'A'
RAW: 'X'
Wins: {'A': 3, 'B': 1, 'C': 0, 'D': 2}
Ranking: ['A', 'D', 'B', 'C']
Saved results_scored.csv
     Method  Rank
341    BERT     2
346   SBERT     2
1326   BERT     2
1331  SBERT     2
Selected query=Forgivness
Selected rank=2
Rows returned=2
RAW: 'X'
Wins: {'A': 1, 'B': 0}
Ranking: ['A', 'B']
Saved results_scored.csv
              Method  Rank
303   TF-IDF + GloVe     4
308             BERT     4
312            SBERT     4
318           TF-IDF     4
1288  TF-IDF + GloVe     4
1293            BERT     4
1297           SBERT     4
1303          TF-IDF     4
Selected query=The Choir of the Saints have found the fountain of life and the door of pardice. May I also find the right way through repentence, I am a lost sheep. Call me, O Savior, and save me. 
Selected rank=4
Rows returned=4
RAW: 'X'
RAW: 'X'
RAW: 'A'
RAW: 'A'
RAW: 'X'
RAW: 'A'
Wins: {'A': 0, 'B': 2, 'C': 1, 'D': 3}
Ranking: ['D', 'B', 'C', 'A']
Saved results_scored.csv
              Method  Rank
651   TF-IDF + GloVe     2
656             BERT     2
663            SBERT     2
666           TF-IDF     2
1636  TF-IDF + GloVe     2
1641            BERT     2
1648           SBERT     2
1651          TF-IDF     2
Selected query=Identify psalms that combine themes of suffering, injustice, and confusion about God’s presence, yet still conclude with declarations of hope, faith, or trust in divine deliverance
Selected rank=2
Rows returned=4
RAW: 'A'
RAW: 'A'
RAW: 'X'
RAW: 'A'
RAW: 'X'
RAW: 'X'
Wins: {'A': 1, 'B': 1, 'C': 2, 'D': 2}
Ranking: ['C', 'D', 'A', 'B']
Saved results_scored.csv
              Method  Rank
710   TF-IDF + GloVe     1
715             BERT     1
721            SBERT     1
725           TF-IDF     1
1695  TF-IDF + GloVe     1
1700            BERT     1
1706           SBERT     1
1710          TF-IDF     1
Selected query=Attend to my supplication
Selected rank=1
Rows returned=4
RAW: 'A'
RAW: 'A'
RAW: 'X'
RAW: 'X'
RAW: 'B'
RAW: 'X'
Wins: {'A': 3, 'B': 2, 'C': 0, 'D': 1}
Ranking: ['A', 'B', 'D', 'C']
Saved results_scored.csv
              Method  Rank
750   TF-IDF + GloVe     1
755             BERT     1
760            SBERT     1
765           TF-IDF     1
1735  TF-IDF + GloVe     1
1740            BERT     1
1745           SBERT     1
1750          TF-IDF     1
Selected query=For His mercy endureth forever
Selected rank=1
Rows returned=4
RAW: 'X'
RAW: 'A'
RAW: 'X'
RAW: 'X'
RAW: 'X'
RAW: 'B'
Wins: {'A': 1, 'B': 1, 'C': 2, 'D': 2}
Ranking: ['C', 'D', 'A', 'B']
Saved results_scored.csv
     Method  Rank
851    BERT     2
859   SBERT     2
1836   BERT     2
Selected query=Deliverance 
Selected rank=2
Rows returned=2
RAW: 'X'
Wins: {'A': 0, 'B': 1}
Ranking: ['B', 'A']
Saved results_scored.csv
              Method  Rank
241   TF-IDF + GloVe     2
246             BERT     2
252            SBERT     2
256           TF-IDF     2
1226  TF-IDF + GloVe     2
1231            BERT     2
1237           SBERT     2
1241          TF-IDF     2
Selected query=O Lord God of my salvation, I have cried day and night before thee: let my prayer come before thee: incline thine ear unto my cry.
Selected rank=2
Rows returned=4
RAW: 'A'
RAW: 'A'
RAW: 'A'
RAW: 'A'
RAW: 'A'
RAW: 'X'
Wins: {'A': 1, 'B': 3, 'C': 0, 'D': 2}
Ranking: ['B', 'D', 'A', 'C']
Saved results_scored.csv
              Method  Rank
121   TF-IDF + GloVe     2
126             BERT     2
132            SBERT     2
136           TF-IDF     2
1106  TF-IDF + GloVe     2
1111            BERT     2
1117           SBERT     2
1121          TF-IDF     2
Selected query=prayer
Selected rank=2
Rows returned=4
RAW: 'A'
RAW: 'X'
RAW: 'B'
RAW: 'X'
RAW: 'X'
RAW: 'A'
Wins: {'A': 1, 'B': 1, 'C': 2, 'D': 2}
Ranking: ['C', 'D', 'A', 'B']
Saved results_scored.csv
              Method  Rank
734   TF-IDF + GloVe     5
739             BERT     5
749           TF-IDF     5
1719  TF-IDF + GloVe     5
1724            BERT     5
1734          TF-IDF     5
Selected query=Harken unto my prayer
Selected rank=5
Rows returned=3
RAW: 'A'
RAW: 'A'
RAW: 'A'
Wins: {'A': 1, 'B': 2, 'C': 0}
Ranking: ['B', 'A', 'C']
Saved results_scored.csv
              Method  Rank
283   TF-IDF + GloVe     4
288             BERT     4
291            SBERT     4
298           TF-IDF     4
1268  TF-IDF + GloVe     4
1273            BERT     4
1276           SBERT     4
1283          TF-IDF     4
Selected query=When the stone had been sealed by the Jews; while the soldiers were guarding Thy most pure Body; Thou didst rise on the third day, O Savior, granting life to the world. The powers of heaven therefore cried to Thee, O Giver of Life: Glory to Thy Resurrection, O Christ! Glory to Thy Kingdom! Glory to Thy dispensation, O Thou who lovest mankind.
Selected rank=4
Rows returned=4
RAW: 'X'
RAW: 'A'
RAW: 'A'
RAW: 'A'
RAW: 'X'
RAW: 'A'
Wins: {'A': 1, 'B': 2, 'C': 1, 'D': 2}
Ranking: ['B', 'D', 'A', 'C']
Saved results_scored.csv
              Method  Rank
630   TF-IDF + GloVe     1
635             BERT     1
642            SBERT     1
643            SBERT     1
645           TF-IDF     1
1615  TF-IDF + GloVe     1
1620            BERT     1
1627           SBERT     1
1628           SBERT     1
1630          TF-IDF     1
Selected query=Psalms that reflect on human mortality and the fragility of life in contrast with the eternal nature of God, including meditations on time, death, and divine permanence
Selected rank=1
Rows returned=4
RAW: 'X'
RAW: 'X'
RAW: 'A'
RAW: 'A'
RAW: 'B'
RAW: 'A'
Wins: {'A': 3, 'B': 1, 'C': 1, 'D': 1}
Ranking: ['A', 'B', 'C', 'D']
Saved results_scored.csv
     Method  Rank
376    BERT     2
384   SBERT     2
1361   BERT     2
1369  SBERT     2
Selected query=Belief 
Selected rank=2
Rows returned=2
RAW: 'X'
Wins: {'A': 1, 'B': 0}
Ranking: ['A', 'B']
Saved results_scored.csv
              Method  Rank
530   TF-IDF + GloVe     1
535             BERT     1
542            SBERT     1
545           TF-IDF     1
1515  TF-IDF + GloVe     1
1520            BERT     1
1527           SBERT     1
1530          TF-IDF     1
Selected query=“Find psalms that include both crying out for help and later declaring confidence in God’s justice”
Selected rank=1
Rows returned=4
RAW: 'A'
RAW: 'A'
RAW: 'A'
RAW: 'X'
RAW: 'A'
RAW: 'X'
Wins: {'A': 1, 'B': 2, 'C': 1, 'D': 2}
Ranking: ['B', 'D', 'A', 'C']
Saved results_scored.csv
              Method  Rank
244   TF-IDF + GloVe     5
249             BERT     5
250            SBERT     5
259           TF-IDF     5
1229  TF-IDF + GloVe     5
1234            BERT     5
1235           SBERT     5
1244          TF-IDF     5
Selected query=O Lord God of my salvation, I have cried day and night before thee: let my prayer come before thee: incline thine ear unto my cry.
Selected rank=5
Rows returned=4
RAW: 'X'
RAW: 'A'
RAW: 'A'
RAW: 'X'
RAW: 'X'
RAW: 'X'
Wins: {'A': 3, 'B': 0, 'C': 1, 'D': 2}
Ranking: ['A', 'D', 'C', 'B']
Saved results_scored.csv
              Method  Rank
144   TF-IDF + GloVe     5
149             BERT     5
151            SBERT     5
1129  TF-IDF + GloVe     5
1134            BERT     5
1136           SBERT     5
Selected query=protection from enemies
Selected rank=5
Rows returned=3
RAW: 'X'
RAW: 'X'
RAW: 'A'
Wins: {'A': 0, 'B': 1, 'C': 2}
Ranking: ['C', 'B', 'A']
Saved results_scored.csv
              Method  Rank
284   TF-IDF + GloVe     5
289             BERT     5
290            SBERT     5
299           TF-IDF     5
1269  TF-IDF + GloVe     5
1274            BERT     5
1275           SBERT     5
1284          TF-IDF     5
Selected query=When the stone had been sealed by the Jews; while the soldiers were guarding Thy most pure Body; Thou didst rise on the third day, O Savior, granting life to the world. The powers of heaven therefore cried to Thee, O Giver of Life: Glory to Thy Resurrection, O Christ! Glory to Thy Kingdom! Glory to Thy dispensation, O Thou who lovest mankind.
Selected rank=5
Rows returned=4
RAW: 'X'
RAW: 'X'
RAW: 'A'
RAW: 'A'
RAW: 'A'
RAW: 'A'
Wins: {'A': 2, 'B': 1, 'C': 2, 'D': 1}
Ranking: ['A', 'C', 'B', 'D']
Saved results_scored.csv
              Method  Rank
240   TF-IDF + GloVe     1
245             BERT     1
253            SBERT     1
255           TF-IDF     1
1225  TF-IDF + GloVe     1
1230            BERT     1
1238           SBERT     1
1240          TF-IDF     1
Selected query=O Lord God of my salvation, I have cried day and night before thee: let my prayer come before thee: incline thine ear unto my cry.
Selected rank=1
Rows returned=4
RAW: 'X'
RAW: 'X'
RAW: 'A'
RAW: 'X'
RAW: 'A'
RAW: 'X'
Wins: {'A': 0, 'B': 1, 'C': 2, 'D': 3}
Ranking: ['D', 'C', 'B', 'A']
Saved results_scored.csv
              Method  Rank
590   TF-IDF + GloVe     1
595             BERT     1
602            SBERT     1
605           TF-IDF     1
1575  TF-IDF + GloVe     1
1580            BERT     1
1587           SBERT     1
1590          TF-IDF     1
Selected query=Find psalms that describe God as a refuge and protector in the context of enemies, oppression, or danger, emphasizing both emotional dependence and divine justice
Selected rank=1
Rows returned=4
RAW: 'X'
RAW: 'A'
RAW: 'X'
RAW: 'X'
RAW: 'A'
RAW: 'X'
Wins: {'A': 2, 'B': 2, 'C': 1, 'D': 1}
Ranking: ['A', 'B', 'C', 'D']
Saved results_scored.csv
              Method  Rank
183   TF-IDF + GloVe     4
188             BERT     4
190            SBERT     4
198           TF-IDF     4
199           TF-IDF     4
1168  TF-IDF + GloVe     4
1173            BERT     4
1175           SBERT     4
1183          TF-IDF     4
1184          TF-IDF     4
Selected query=The Lord is my shepherd
Selected rank=4
Rows returned=4
RAW: 'X'
RAW: 'A'
RAW: 'B'
RAW: 'B'
RAW: 'A'
RAW: 'A'
Wins: {'A': 2, 'B': 3, 'C': 1, 'D': 0}
Ranking: ['B', 'A', 'C', 'D']
Saved results_scored.csv
              Method  Rank
710   TF-IDF + GloVe     1
715             BERT     1
721            SBERT     1
725           TF-IDF     1
1695  TF-IDF + GloVe     1
1700            BERT     1
1706           SBERT     1
1710          TF-IDF     1
Selected query=Attend to my supplication
Selected rank=1
Rows returned=4
RAW: 'A'
RAW: 'A'
RAW: 'X'
RAW: 'B'
RAW: 'X'
RAW: 'X'
Wins: {'A': 3, 'B': 1, 'C': 1, 'D': 1}
Ranking: ['A', 'B', 'C', 'D']
Saved results_scored.csv
              Method  Rank
693   TF-IDF + GloVe     4
698             BERT     4
704            SBERT     4
708           TF-IDF     4
1678  TF-IDF + GloVe     4
1683            BERT     4
1689           SBERT     4
1693          TF-IDF     4
Selected query=Psalms describing God as a refuge and protector during times of danger, oppression, or attack
Selected rank=4
Rows returned=4
RAW: 'X'
RAW: 'X'
RAW: 'X'
RAW: 'X'
RAW: 'A'
RAW: 'X'
Wins: {'A': 2, 'B': 0, 'C': 2, 'D': 2}
Ranking: ['A', 'C', 'D', 'B']
Saved results_scored.csv
              Method  Rank
281   TF-IDF + GloVe     2
286             BERT     2
292            SBERT     2
296           TF-IDF     2
1266  TF-IDF + GloVe     2
1271            BERT     2
1277           SBERT     2
1281          TF-IDF     2
Selected query=When the stone had been sealed by the Jews; while the soldiers were guarding Thy most pure Body; Thou didst rise on the third day, O Savior, granting life to the world. The powers of heaven therefore cried to Thee, O Giver of Life: Glory to Thy Resurrection, O Christ! Glory to Thy Kingdom! Glory to Thy dispensation, O Thou who lovest mankind.
Selected rank=2
Rows returned=4
RAW: 'X'
RAW: 'X'
RAW: 'A'
RAW: 'X'
RAW: 'X'
RAW: 'X'
Wins: {'A': 3, 'B': 0, 'C': 2, 'D': 1}
Ranking: ['A', 'C', 'D', 'B']
Saved results_scored.csv
              Method  Rank
413   TF-IDF + GloVe     4
418             BERT     4
420            SBERT     4
428           TF-IDF     4
1398  TF-IDF + GloVe     4
1403            BERT     4
1405           SBERT     4
1413          TF-IDF     4
Selected query=Love for Mankind
Selected rank=4
Rows returned=4
RAW: 'B'
RAW: 'X'
RAW: 'B'
RAW: 'X'
RAW: 'X'
RAW: 'A'
Wins: {'A': 0, 'B': 2, 'C': 1, 'D': 3}
Ranking: ['D', 'B', 'C', 'A']
Saved results_scored.csv
              Method  Rank
814   TF-IDF + GloVe     5
819             BERT     5
820            SBERT     5
829           TF-IDF     5
1799  TF-IDF + GloVe     5
1804            BERT     5
1805           SBERT     5
1814          TF-IDF     5
Selected query=God with with us
Selected rank=5
Rows returned=4
RAW: 'X'
RAW: 'X'
RAW: 'X'
RAW: 'A'
RAW: 'X'
RAW: 'A'
Wins: {'A': 2, 'B': 2, 'C': 0, 'D': 2}
Ranking: ['A', 'B', 'D', 'C']
Saved results_scored.csv
              Method  Rank
413   TF-IDF + GloVe     4
418             BERT     4
420            SBERT     4
428           TF-IDF     4
1398  TF-IDF + GloVe     4
1403            BERT     4
1405           SBERT     4
1413          TF-IDF     4
Selected query=Love for Mankind
Selected rank=4
Rows returned=4
RAW: 'X'
RAW: 'X'
RAW: 'A'
RAW: 'X'
RAW: 'X'
RAW: 'A'
Wins: {'A': 1, 'B': 3, 'C': 2, 'D': 0}
Ranking: ['B', 'C', 'A', 'D']
Saved results_scored.csv
              Method  Rank
24    TF-IDF + GloVe     5
29              BERT     5
30             SBERT     5
39            TF-IDF     5
1009  TF-IDF + GloVe     5
1014            BERT     5
1015           SBERT     5
1024          TF-IDF     5
Selected query=For the Peace of the world
Selected rank=5
Rows returned=4
RAW: 'X'
RAW: 'X'
RAW: 'A'
RAW: 'X'
RAW: 'A'
RAW: 'X'
Wins: {'A': 0, 'B': 2, 'C': 1, 'D': 3}
Ranking: ['D', 'B', 'C', 'A']
Saved results_scored.csv
     Method  Rank
343    BERT     4
347   SBERT     4
348   SBERT     4
1328   BERT     4
1332  SBERT     4
1333  SBERT     4
Selected query=Forgivness
Selected rank=4
Rows returned=2
RAW: 'X'
Wins: {'A': 0, 'B': 1}
Ranking: ['B', 'A']
Saved results_scored.csv
              Method  Rank
303   TF-IDF + GloVe     4
308             BERT     4
312            SBERT     4
318           TF-IDF     4
1288  TF-IDF + GloVe     4
1293            BERT     4
1297           SBERT     4
1303          TF-IDF     4
Selected query=The Choir of the Saints have found the fountain of life and the door of pardice. May I also find the right way through repentence, I am a lost sheep. Call me, O Savior, and save me. 
Selected rank=4
Rows returned=4
RAW: 'A'
RAW: 'A'
RAW: 'A'
RAW: 'X'
RAW: 'X'
RAW: 'X'
Wins: {'A': 1, 'B': 3, 'C': 0, 'D': 2}
Ranking: ['B', 'D', 'A', 'C']
Saved results_scored.csv
              Method  Rank
493   TF-IDF + GloVe     4
498             BERT     4
501            SBERT     4
508           TF-IDF     4
1478  TF-IDF + GloVe     4
1483            BERT     4
1486           SBERT     4
1493          TF-IDF     4
Selected query=Psalms containing repeated rhetorical questions directed at God during moments of suffering
Selected rank=4
Rows returned=4
RAW: 'B'
RAW: 'A'
RAW: 'X'
RAW: 'B'
RAW: 'A'
RAW: 'A'
Wins: {'A': 0, 'B': 2, 'C': 3, 'D': 1}
Ranking: ['C', 'B', 'D', 'A']
Saved results_scored.csv
              Method  Rank
23    TF-IDF + GloVe     4
28              BERT     4
32             SBERT     4
38            TF-IDF     4
1008  TF-IDF + GloVe     4
1013            BERT     4
1017           SBERT     4
1023          TF-IDF     4
Selected query=For the Peace of the world
Selected rank=4
Rows returned=4
RAW: 'X'
RAW: 'X'
RAW: 'B'
RAW: 'X'
RAW: 'X'
RAW: 'X'
Wins: {'A': 1, 'B': 1, 'C': 2, 'D': 2}
Ranking: ['C', 'D', 'A', 'B']
Saved results_scored.csv
              Method  Rank
143   TF-IDF + GloVe     4
148             BERT     4
153            SBERT     4
1128  TF-IDF + GloVe     4
1133            BERT     4
1138           SBERT     4
Selected query=protection from enemies
Selected rank=4
Rows returned=3
RAW: 'A'
RAW: 'A'
RAW: 'A'
Wins: {'A': 1, 'B': 2, 'C': 0}
Ranking: ['B', 'A', 'C']
Saved results_scored.csv
              Method  Rank
180   TF-IDF + GloVe     1
185             BERT     1
193            SBERT     1
195           TF-IDF     1
1165  TF-IDF + GloVe     1
1170            BERT     1
1178           SBERT     1
1180          TF-IDF     1
Selected query=The Lord is my shepherd
Selected rank=1
Rows returned=4
RAW: 'X'
RAW: 'X'
RAW: 'A'
RAW: 'A'
RAW: 'X'
RAW: 'X'
Wins: {'A': 1, 'B': 0, 'C': 2, 'D': 3}
Ranking: ['D', 'C', 'A', 'B']
Saved results_scored.csv
              Method  Rank
202   TF-IDF + GloVe     3
207             BERT     3
211            SBERT     3
217           TF-IDF     3
1187  TF-IDF + GloVe     3
1192            BERT     3
1196           SBERT     3
1202          TF-IDF     3
Selected query=Verses where the psalmist remembers past deliverance and uses it to find hope in present trials.
Selected rank=3
Rows returned=4
RAW: 'X'
RAW: 'A'
RAW: 'B'
RAW: 'X'
RAW: 'A'
RAW: 'X'
Wins: {'A': 1, 'B': 3, 'C': 1, 'D': 1}
Ranking: ['B', 'A', 'C', 'D']
Saved results_scored.csv
              Method  Rank
201   TF-IDF + GloVe     2
206             BERT     2
212            SBERT     2
216           TF-IDF     2
1186  TF-IDF + GloVe     2
1191            BERT     2
1197           SBERT     2
1201          TF-IDF     2
Selected query=Verses where the psalmist remembers past deliverance and uses it to find hope in present trials.
Selected rank=2
Rows returned=4
RAW: 'X'
RAW: 'X'
RAW: 'X'
RAW: 'A'
RAW: 'X'
RAW: 'X'
Wins: {'A': 1, 'B': 1, 'C': 2, 'D': 2}
Ranking: ['C', 'D', 'A', 'B']
Saved results_scored.csv
              Method  Rank
591   TF-IDF + GloVe     2
596             BERT     2
600            SBERT     2
606           TF-IDF     2
1576  TF-IDF + GloVe     2
1581            BERT     2
1585           SBERT     2
1591          TF-IDF     2
Selected query=Find psalms that describe God as a refuge and protector in the context of enemies, oppression, or danger, emphasizing both emotional dependence and divine justice
Selected rank=2
Rows returned=4
RAW: 'X'
RAW: 'X'
RAW: 'A'
RAW: 'X'
RAW: 'A'
RAW: 'X'
Wins: {'A': 3, 'B': 1, 'C': 1, 'D': 1}
Ranking: ['A', 'B', 'C', 'D']
Saved results_scored.csv
              Method  Rank
572   TF-IDF + GloVe     3
577             BERT     3
581            SBERT     3
587           TF-IDF     3
1557  TF-IDF + GloVe     3
1562            BERT     3
1566           SBERT     3
1572          TF-IDF     3
Selected query=Psalms that express a transition from deep personal lament and feelings of abandonment to renewed trust and praise, especially where the emotional shift is explicit within the same psalm
Selected rank=3
Rows returned=4
RAW: 'X'
RAW: 'A'
RAW: 'X'
RAW: 'A'
RAW: 'A'
RAW: 'A'
Wins: {'A': 2, 'B': 2, 'C': 1, 'D': 1}
Ranking: ['A', 'B', 'C', 'D']
Saved results_scored.csv
              Method  Rank
20    TF-IDF + GloVe     1
25              BERT     1
33             SBERT     1
35            TF-IDF     1
1005  TF-IDF + GloVe     1
1010            BERT     1
1018           SBERT     1
1020          TF-IDF     1
Selected query=For the Peace of the world
Selected rank=1
Rows returned=4
RAW: 'X'
RAW: 'X'
RAW: 'A'
RAW: 'A'
RAW: 'B'
RAW: 'B'
Wins: {'A': 0, 'B': 2, 'C': 1, 'D': 3}
Ranking: ['D', 'B', 'C', 'A']
Saved results_scored.csv
              Method  Rank
123   TF-IDF + GloVe     4
128             BERT     4
131            SBERT     4
138           TF-IDF     4
1108  TF-IDF + GloVe     4
1113            BERT     4
1116           SBERT     4
1123          TF-IDF     4
Selected query=prayer
Selected rank=4
Rows returned=4
RAW: 'B'
RAW: 'A'
RAW: 'A'
RAW: 'B'
RAW: 'B'
RAW: 'X'
Wins: {'A': 1, 'B': 1, 'C': 2, 'D': 2}
Ranking: ['C', 'D', 'A', 'B']
Saved results_scored.csv
              Method  Rank
650   TF-IDF + GloVe     1
655             BERT     1
662            SBERT     1
665           TF-IDF     1
1635  TF-IDF + GloVe     1
1640            BERT     1
1647           SBERT     1
1650          TF-IDF     1
Selected query=Identify psalms that combine themes of suffering, injustice, and confusion about God’s presence, yet still conclude with declarations of hope, faith, or trust in divine deliverance
Selected rank=1
Rows returned=4
RAW: 'X'
RAW: 'X'
RAW: 'X'
RAW: 'A'
RAW: 'A'
RAW: 'A'
Wins: {'A': 3, 'B': 1, 'C': 1, 'D': 1}
Ranking: ['A', 'B', 'C', 'D']
Saved results_scored.csv
              Method  Rank
221   TF-IDF + GloVe     2
226             BERT     2
233            SBERT     2
236           TF-IDF     2
1206  TF-IDF + GloVe     2
1211            BERT     2
1218           SBERT     2
1221          TF-IDF     2
Selected query=Lord, now lettest thou thy servant depart in peace, according to thy word: for mine eyes have seen thy salvation, which thou hast prepared before the face of all people; a light to lighten the Gentiles, and the glory of thy people Isreal. 
Selected rank=2
Rows returned=4
RAW: 'X'
RAW: 'X'
RAW: 'X'
RAW: 'X'
RAW: 'A'
RAW: 'A'
Wins: {'A': 1, 'B': 2, 'C': 3, 'D': 0}
Ranking: ['C', 'B', 'A', 'D']
Saved results_scored.csv
              Method  Rank
550   TF-IDF + GloVe     1
555             BERT     1
562            SBERT     1
565           TF-IDF     1
1535  TF-IDF + GloVe     1
1540            BERT     1
1547           SBERT     1
1550          TF-IDF     1
Selected query=“Psalms that express deep lament and trust in God simultaneously during periods of persecution and feeling abandoned”
Selected rank=1
Rows returned=4
RAW: 'X'
RAW: 'A'
RAW: 'X'
RAW: 'A'
RAW: 'X'
RAW: 'X'
Wins: {'A': 2, 'B': 3, 'C': 0, 'D': 1}
Ranking: ['B', 'A', 'D', 'C']
Saved results_scored.csv
              Method  Rank
753   TF-IDF + GloVe     4
758             BERT     4
763            SBERT     4
768           TF-IDF     4
1738  TF-IDF + GloVe     4
1743            BERT     4
1748           SBERT     4
1753          TF-IDF     4
Selected query=For His mercy endureth forever
Selected rank=4
Rows returned=4
RAW: 'B'
RAW: 'A'
RAW: 'X'
RAW: 'A'
RAW: 'A'
RAW: 'X'
Wins: {'A': 1, 'B': 2, 'C': 2, 'D': 1}
Ranking: ['B', 'C', 'A', 'D']
Saved results_scored.csv
              Method  Rank
21    TF-IDF + GloVe     2
26              BERT     2
31             SBERT     2
36            TF-IDF     2
1006  TF-IDF + GloVe     2
1011            BERT     2
1016           SBERT     2
1021          TF-IDF     2
Selected query=For the Peace of the world
Selected rank=2
Rows returned=4
RAW: 'A'
RAW: 'X'
RAW: 'B'
RAW: 'X'
RAW: 'B'
RAW: 'A'
Wins: {'A': 0, 'B': 2, 'C': 3, 'D': 1}
Ranking: ['C', 'B', 'D', 'A']
Saved results_scored.csv
              Method  Rank
830   TF-IDF + GloVe     1
835             BERT     1
840            SBERT     1
845           TF-IDF     1
1815  TF-IDF + GloVe     1
1820            BERT     1
1825           SBERT     1
1830          TF-IDF     1
Selected query=The Lord is my helper; I will not fear what man shall do unto me.
Selected rank=1
Rows returned=4
RAW: 'X'
RAW: 'A'
RAW: 'X'
RAW: 'X'
RAW: 'X'
RAW: 'X'
Wins: {'A': 3, 'B': 1, 'C': 1, 'D': 1}
Ranking: ['A', 'B', 'C', 'D']
Saved results_scored.csv
              Method  Rank
453   TF-IDF + GloVe     4
458             BERT     4
459             BERT     4
464            SBERT     4
468           TF-IDF     4
1438  TF-IDF + GloVe     4
1443            BERT     4
1444            BERT     4
1449           SBERT     4
1453          TF-IDF     4
Selected query=“Which psalms use parallelism heavily to emphasize moral contrast between the righteous and the wicked?”
Selected rank=4
Rows returned=4
RAW: 'B'
RAW: 'X'
RAW: 'A'
RAW: 'A'
RAW: 'X'
RAW: 'X'
Wins: {'A': 3, 'B': 1, 'C': 2, 'D': 0}
Ranking: ['A', 'C', 'B', 'D']
Saved results_scored.csv
              Method  Rank
812   TF-IDF + GloVe     3
817             BERT     3
822            SBERT     3
827           TF-IDF     3
1797  TF-IDF + GloVe     3
1802            BERT     3
1807           SBERT     3
1812          TF-IDF     3
Selected query=God with with us
Selected rank=3
Rows returned=4
RAW: 'A'
RAW: 'X'
RAW: 'A'
RAW: 'A'
RAW: 'A'
RAW: 'X'
Wins: {'A': 3, 'B': 1, 'C': 2, 'D': 0}
Ranking: ['A', 'C', 'B', 'D']
Saved results_scored.csv
              Method  Rank
280   TF-IDF + GloVe     1
285             BERT     1
294            SBERT     1
295           TF-IDF     1
1265  TF-IDF + GloVe     1
1270            BERT     1
1279           SBERT     1
1280          TF-IDF     1
Selected query=When the stone had been sealed by the Jews; while the soldiers were guarding Thy most pure Body; Thou didst rise on the third day, O Savior, granting life to the world. The powers of heaven therefore cried to Thee, O Giver of Life: Glory to Thy Resurrection, O Christ! Glory to Thy Kingdom! Glory to Thy dispensation, O Thou who lovest mankind.
Selected rank=1
Rows returned=4
RAW: 'A'
RAW: 'X'
RAW: 'A'
RAW: 'A'
RAW: 'X'
RAW: 'X'
Wins: {'A': 2, 'B': 2, 'C': 1, 'D': 1}
Ranking: ['A', 'B', 'C', 'D']
Saved results_scored.csv
              Method  Rank
161   TF-IDF + GloVe     2
166             BERT     2
171            SBERT     2
176           TF-IDF     2
1146  TF-IDF + GloVe     2
1151            BERT     2
1156           SBERT     2
1161          TF-IDF     2
Selected query=Rejoice, O ye heavens, sound the trumpets, ye foundation of the earth, thunder forth gladness, O ye mountains: for behold, Emmanuel to the Cross our sins, and the Giver of Life hath slain death, raising up Adam; for He loveth mankind.
Selected rank=2
Rows returned=4
RAW: 'A'
RAW: 'X'
RAW: 'A'
RAW: 'A'
RAW: 'A'
RAW: 'X'
Wins: {'A': 2, 'B': 1, 'C': 2, 'D': 1}
Ranking: ['A', 'C', 'B', 'D']
Saved results_scored.csv
              Method  Rank
470   TF-IDF + GloVe     1
475             BERT     1
482            SBERT     1
485           TF-IDF     1
1455  TF-IDF + GloVe     1
1460            BERT     1
1467           SBERT     1
1470          TF-IDF     1
Selected query=“Compare psalms that emphasize divine wrath versus psalms that emphasize divine mercy and forgiveness”
Selected rank=1
Rows returned=4
RAW: 'X'
RAW: 'A'
RAW: 'X'
RAW: 'A'
RAW: 'X'
RAW: 'X'
Wins: {'A': 2, 'B': 2, 'C': 1, 'D': 1}
Ranking: ['A', 'B', 'C', 'D']
Saved results_scored.csv
              Method  Rank
163   TF-IDF + GloVe     4
168             BERT     4
172            SBERT     4
178           TF-IDF     4
1148  TF-IDF + GloVe     4
1153            BERT     4
1157           SBERT     4
1163          TF-IDF     4
Selected query=Rejoice, O ye heavens, sound the trumpets, ye foundation of the earth, thunder forth gladness, O ye mountains: for behold, Emmanuel to the Cross our sins, and the Giver of Life hath slain death, raising up Adam; for He loveth mankind.
Selected rank=4
Rows returned=4
RAW: 'A'
RAW: 'A'
RAW: 'X'
RAW: 'X'
RAW: 'X'
RAW: 'X'
Wins: {'A': 1, 'B': 3, 'C': 1, 'D': 1}
Ranking: ['B', 'A', 'C', 'D']
Saved results_scored.csv
              Method  Rank
591   TF-IDF + GloVe     2
596             BERT     2
600            SBERT     2
606           TF-IDF     2
1576  TF-IDF + GloVe     2
1581            BERT     2
1585           SBERT     2
1591          TF-IDF     2
Selected query=Find psalms that describe God as a refuge and protector in the context of enemies, oppression, or danger, emphasizing both emotional dependence and divine justice
Selected rank=2
Rows returned=4
RAW: 'A'
RAW: 'A'
RAW: 'X'
RAW: 'A'
RAW: 'A'
RAW: 'A'
Wins: {'A': 1, 'B': 0, 'C': 2, 'D': 3}
Ranking: ['D', 'C', 'A', 'B']
Saved results_scored.csv
              Method  Rank
512   TF-IDF + GloVe     3
517             BERT     3
520            SBERT     3
527           TF-IDF     3
1497  TF-IDF + GloVe     3
1502            BERT     3
1505           SBERT     3
1512          TF-IDF     3
Selected query=Find psalms describing repentance after sin, especially where the psalmist acknowledges guilt and asks for inner spiritual cleansing
Selected rank=3
Rows returned=4
RAW: 'X'
RAW: 'A'
RAW: 'X'
RAW: 'X'
RAW: 'X'
RAW: 'A'
Wins: {'A': 2, 'B': 2, 'C': 0, 'D': 2}
Ranking: ['A', 'B', 'D', 'C']
Saved results_scored.csv
              Method  Rank
324   TF-IDF + GloVe     5
329             BERT     5
339           TF-IDF     5
1309  TF-IDF + GloVe     5
1314            BERT     5
1324          TF-IDF     5
Selected query=Be thou exalted, O bridegroom, like unto Abrahaml and be thou blessed, like unto isaac; and do thou multiply like unto Joseph, walking in peace, and keeping the comandments of God in righteousness
Selected rank=5
Rows returned=3
RAW: 'X'
RAW: 'A'
RAW: 'A'
Wins: {'A': 2, 'B': 1, 'C': 0}
Ranking: ['A', 'B', 'C']
Saved results_scored.csv
              Method  Rank
411   TF-IDF + GloVe     2
416             BERT     2
421            SBERT     2
426           TF-IDF     2
1396  TF-IDF + GloVe     2
1401            BERT     2
1406           SBERT     2
1411          TF-IDF     2
Selected query=Love for Mankind
Selected rank=2
Rows returned=4
RAW: 'X'
RAW: 'B'
RAW: 'B'
RAW: 'X'
RAW: 'A'
RAW: 'A'
Wins: {'A': 1, 'B': 1, 'C': 2, 'D': 2}
Ranking: ['C', 'D', 'A', 'B']
Saved results_scored.csv
              Method  Rank
713   TF-IDF + GloVe     4
718             BERT     4
724            SBERT     4
728           TF-IDF     4
1698  TF-IDF + GloVe     4
1703            BERT     4
1709           SBERT     4
1713          TF-IDF     4
Selected query=Attend to my supplication
Selected rank=4
Rows returned=4
RAW: 'A'
RAW: 'A'
RAW: 'A'
RAW: 'B'
RAW: 'X'
RAW: 'A'
Wins: {'A': 2, 'B': 1, 'C': 3, 'D': 0}
Ranking: ['C', 'A', 'B', 'D']
Saved results_scored.csv
     Method  Rank
344    BERT     5
1329   BERT     5
Selected query=Forgivness
Selected rank=5
Rows returned=1
Wins: {'A': 0}
Ranking: ['A']
Saved results_scored.csv
              Method  Rank
240   TF-IDF + GloVe     1
245             BERT     1
253            SBERT     1
255           TF-IDF     1
1225  TF-IDF + GloVe     1
1230            BERT     1
1238           SBERT     1
1240          TF-IDF     1
Selected query=O Lord God of my salvation, I have cried day and night before thee: let my prayer come before thee: incline thine ear unto my cry.
Selected rank=1
Rows returned=4
RAW: 'A'
RAW: 'X'
RAW: 'X'
RAW: 'A'
RAW: 'X'
RAW: 'A'
Wins: {'A': 2, 'B': 2, 'C': 1, 'D': 1}
Ranking: ['A', 'B', 'C', 'D']
Saved results_scored.csv
              Method  Rank
571   TF-IDF + GloVe     2
576             BERT     2
582            SBERT     2
586           TF-IDF     2
1556  TF-IDF + GloVe     2
1561            BERT     2
1567           SBERT     2
1571          TF-IDF     2
Selected query=Psalms that express a transition from deep personal lament and feelings of abandonment to renewed trust and praise, especially where the emotional shift is explicit within the same psalm
Selected rank=2
Rows returned=4
RAW: 'X'
RAW: 'A'
RAW: 'A'
RAW: 'X'
RAW: 'X'
RAW: 'X'
Wins: {'A': 1, 'B': 1, 'C': 1, 'D': 3}
Ranking: ['D', 'A', 'B', 'C']
Saved results_scored.csv
              Method  Rank
324   TF-IDF + GloVe     5
329             BERT     5
339           TF-IDF     5
1309  TF-IDF + GloVe     5
1314            BERT     5
1324          TF-IDF     5
Selected query=Be thou exalted, O bridegroom, like unto Abrahaml and be thou blessed, like unto isaac; and do thou multiply like unto Joseph, walking in peace, and keeping the comandments of God in righteousness
Selected rank=5
Rows returned=3
RAW: 'A'
RAW: 'A'
RAW: 'X'
Wins: {'A': 1, 'B': 1, 'C': 1}
Ranking: ['A', 'B', 'C']
Saved results_scored.csv
              Method  Rank
834   TF-IDF + GloVe     5
839             BERT     5
841            SBERT     5
849           TF-IDF     5
1819  TF-IDF + GloVe     5
1824            BERT     5
1826           SBERT     5
1834          TF-IDF     5
Selected query=The Lord is my helper; I will not fear what man shall do unto me.
Selected rank=5
Rows returned=4
RAW: 'B'
RAW: 'A'
RAW: 'X'
RAW: 'X'
RAW: 'X'
RAW: 'A'
Wins: {'A': 2, 'B': 0, 'C': 2, 'D': 2}
Ranking: ['A', 'C', 'D', 'B']
Saved results_scored.csv
              Method  Rank
493   TF-IDF + GloVe     4
498             BERT     4
501            SBERT     4
508           TF-IDF     4
1478  TF-IDF + GloVe     4
1483            BERT     4
1486           SBERT     4
1493          TF-IDF     4
Selected query=Psalms containing repeated rhetorical questions directed at God during moments of suffering
Selected rank=4
Rows returned=4
RAW: 'X'
RAW: 'X'
RAW: 'X'
RAW: 'A'
RAW: 'X'
RAW: 'B'
Wins: {'A': 1, 'B': 3, 'C': 2, 'D': 0}
Ranking: ['B', 'C', 'A', 'D']
Saved results_scored.csv
              Method  Rank
670   TF-IDF + GloVe     1
675             BERT     1
682            SBERT     1
685           TF-IDF     1
1655  TF-IDF + GloVe     1
1660            BERT     1
1667           SBERT     1
1670          TF-IDF     1
Selected query= Psalms that move from lament and despair to praise and renewed trust in God within the same psalm
Selected rank=1
Rows returned=4
RAW: 'X'
RAW: 'A'
RAW: 'B'
RAW: 'X'
RAW: 'X'
RAW: 'X'
Wins: {'A': 2, 'B': 1, 'C': 1, 'D': 2}
Ranking: ['A', 'D', 'B', 'C']
Saved results_scored.csv
              Method  Rank
514   TF-IDF + GloVe     5
519             BERT     5
521            SBERT     5
529           TF-IDF     5
1499  TF-IDF + GloVe     5
1504            BERT     5
1506           SBERT     5
1514          TF-IDF     5
Selected query=Find psalms describing repentance after sin, especially where the psalmist acknowledges guilt and asks for inner spiritual cleansing
Selected rank=5
Rows returned=4
RAW: 'X'
RAW: 'A'
RAW: 'X'
RAW: 'X'
RAW: 'X'
RAW: 'A'
Wins: {'A': 0, 'B': 1, 'C': 3, 'D': 2}
Ranking: ['C', 'D', 'B', 'A']
Saved results_scored.csv
              Method  Rank
103   TF-IDF + GloVe     4
108             BERT     4
114            SBERT     4
118           TF-IDF     4
1088  TF-IDF + GloVe     4
1093            BERT     4
1099           SBERT     4
1103          TF-IDF     4
Selected query=praise in times of suffering
Selected rank=4
Rows returned=4
RAW: 'B'
RAW: 'A'
RAW: 'B'
RAW: 'B'
RAW: 'X'
RAW: 'X'
Wins: {'A': 1, 'B': 0, 'C': 3, 'D': 2}
Ranking: ['C', 'D', 'A', 'B']
Saved results_scored.csv
     Method  Rank
376    BERT     2
384   SBERT     2
1361   BERT     2
1369  SBERT     2
Selected query=Belief 
Selected rank=2
Rows returned=2
RAW: 'A'
Wins: {'A': 0, 'B': 1}
Ranking: ['B', 'A']
Saved results_scored.csv
              Method  Rank
692   TF-IDF + GloVe     3
697             BERT     3
703            SBERT     3
707           TF-IDF     3
1677  TF-IDF + GloVe     3
1682            BERT     3
1688           SBERT     3
1692          TF-IDF     3
Selected query=Psalms describing God as a refuge and protector during times of danger, oppression, or attack
Selected rank=3
Rows returned=4
RAW: 'A'
RAW: 'X'
RAW: 'B'
RAW: 'X'
RAW: 'A'
RAW: 'A'
Wins: {'A': 1, 'B': 3, 'C': 0, 'D': 2}
Ranking: ['B', 'D', 'A', 'C']
Saved results_scored.csv
              Method  Rank
321   TF-IDF + GloVe     2
326             BERT     2
332            SBERT     2
336           TF-IDF     2
1306  TF-IDF + GloVe     2
1311            BERT     2
1317           SBERT     2
1321          TF-IDF     2
Selected query=Be thou exalted, O bridegroom, like unto Abrahaml and be thou blessed, like unto isaac; and do thou multiply like unto Joseph, walking in peace, and keeping the comandments of God in righteousness
Selected rank=2
Rows returned=4
RAW: 'A'
RAW: 'X'
RAW: 'X'
RAW: 'X'
RAW: 'X'
RAW: 'X'
Wins: {'A': 1, 'B': 1, 'C': 3, 'D': 1}
Ranking: ['C', 'A', 'B', 'D']
Saved results_scored.csv
              Method  Rank
60    TF-IDF + GloVe     1
65              BERT     1
72             SBERT     1
75            TF-IDF     1
1045  TF-IDF + GloVe     1
1050            BERT     1
1057           SBERT     1
1060          TF-IDF     1
Selected query=How does the psalmist express trust in God while surrounded by fear and uncertainty?
Selected rank=1
Rows returned=4
RAW: 'A'
RAW: 'A'
RAW: 'A'
RAW: 'X'
RAW: 'B'
RAW: 'A'
Wins: {'A': 0, 'B': 2, 'C': 3, 'D': 1}
Ranking: ['C', 'B', 'D', 'A']
Saved results_scored.csv
              Method  Rank
511   TF-IDF + GloVe     2
516             BERT     2
523            SBERT     2
526           TF-IDF     2
1496  TF-IDF + GloVe     2
1501            BERT     2
1508           SBERT     2
1511          TF-IDF     2
Selected query=Find psalms describing repentance after sin, especially where the psalmist acknowledges guilt and asks for inner spiritual cleansing
Selected rank=2
Rows returned=4
RAW: 'X'
RAW: 'X'
RAW: 'A'
RAW: 'X'
RAW: 'X'
RAW: 'A'
Wins: {'A': 3, 'B': 1, 'C': 1, 'D': 1}
Ranking: ['A', 'B', 'C', 'D']
Saved results_scored.csv
              Method  Rank
44    TF-IDF + GloVe     5
49              BERT     5
54             SBERT     5
59            TF-IDF     5
1029  TF-IDF + GloVe     5
1034            BERT     5
1039           SBERT     5
1044          TF-IDF     5
Selected query=Have mercy on me, O God, have mercy on me. For my soul trusts in Thee, and in the shadow of Thy wings will I hope, until iniquity pass away.
Selected rank=5
Rows returned=4
RAW: 'X'
RAW: 'X'
RAW: 'A'
RAW: 'A'
RAW: 'X'
RAW: 'X'
Wins: {'A': 1, 'B': 2, 'C': 2, 'D': 1}
Ranking: ['B', 'C', 'A', 'D']
Saved results_scored.csv
              Method  Rank
473   TF-IDF + GloVe     4
478             BERT     4
480            SBERT     4
488           TF-IDF     4
1458  TF-IDF + GloVe     4
1463            BERT     4
1465           SBERT     4
1473          TF-IDF     4
Selected query=“Compare psalms that emphasize divine wrath versus psalms that emphasize divine mercy and forgiveness”
Selected rank=4
Rows returned=4
RAW: 'B'
RAW: 'X'
RAW: 'X'
RAW: 'A'
RAW: 'X'
RAW: 'A'
Wins: {'A': 3, 'B': 1, 'C': 2, 'D': 0}
Ranking: ['A', 'C', 'B', 'D']
Saved results_scored.csv
              Method  Rank
83    TF-IDF + GloVe     4
88              BERT     4
91             SBERT     4
98            TF-IDF     4
1068  TF-IDF + GloVe     4
1073            BERT     4
1076           SBERT     4
1083          TF-IDF     4
Selected query=mercy
Selected rank=4
Rows returned=4
RAW: 'X'
RAW: 'X'
RAW: 'X'
RAW: 'A'
RAW: 'X'
RAW: 'X'
Wins: {'A': 1, 'B': 1, 'C': 2, 'D': 2}
Ranking: ['C', 'D', 'A', 'B']
Saved results_scored.csv
              Method  Rank
530   TF-IDF + GloVe     1
535             BERT     1
542            SBERT     1
545           TF-IDF     1
1515  TF-IDF + GloVe     1
1520            BERT     1
1527           SBERT     1
1530          TF-IDF     1
Selected query=“Find psalms that include both crying out for help and later declaring confidence in God’s justice”
Selected rank=1
Rows returned=4
RAW: 'A'
RAW: 'X'
RAW: 'A'
RAW: 'A'
RAW: 'X'
RAW: 'A'
Wins: {'A': 0, 'B': 2, 'C': 3, 'D': 1}
Ranking: ['C', 'B', 'D', 'A']
Saved results_scored.csv
              Method  Rank
4     TF-IDF + GloVe     5
9               BERT     5
12             SBERT     5
19            TF-IDF     5
989   TF-IDF + GloVe     5
994             BERT     5
997            SBERT     5
1004          TF-IDF     5
Selected query=Create in me a clean heart
Selected rank=5
Rows returned=4
RAW: 'A'
RAW: 'X'
RAW: 'X'
RAW: 'A'
RAW: 'X'
RAW: 'A'
Wins: {'A': 1, 'B': 2, 'C': 1, 'D': 2}
Ranking: ['B', 'D', 'A', 'C']
Saved results_scored.csv
              Method  Rank
261   TF-IDF + GloVe     2
266             BERT     2
273            SBERT     2
276           TF-IDF     2
1246  TF-IDF + GloVe     2
1251            BERT     2
1258           SBERT     2
1261          TF-IDF     2
Selected query=God is the Lord, which has shewed us light. Blessed is he that cometh in the name of the Lord
Selected rank=2
Rows returned=4
RAW: 'X'
RAW: 'X'
RAW: 'A'
RAW: 'X'
RAW: 'X'
RAW: 'A'
Wins: {'A': 1, 'B': 1, 'C': 3, 'D': 1}
Ranking: ['C', 'A', 'B', 'D']
Saved results_scored.csv
              Method  Rank
773   TF-IDF + GloVe     4
778             BERT     4
782            SBERT     4
788           TF-IDF     4
1758  TF-IDF + GloVe     4
1763            BERT     4
1767           SBERT     4
1773          TF-IDF     4
Selected query=Lord I have cried unto thee
Selected rank=4
Rows returned=4
RAW: 'B'
RAW: 'X'
RAW: 'B'
RAW: 'A'
RAW: 'X'
RAW: 'A'
Wins: {'A': 1, 'B': 2, 'C': 2, 'D': 1}
Ranking: ['B', 'C', 'A', 'D']
Saved results_scored.csv
              Method  Rank
394   TF-IDF + GloVe     5
399             BERT     5
409           TF-IDF     5
1379  TF-IDF + GloVe     5
1384            BERT     5
1394          TF-IDF     5
Selected query=Transgression
Selected rank=5
Rows returned=3
RAW: 'A'
RAW: 'X'
RAW: 'A'
Wins: {'A': 0, 'B': 2, 'C': 1}
Ranking: ['B', 'C', 'A']
Saved results_scored.csv
              Method  Rank
321   TF-IDF + GloVe     2
326             BERT     2
332            SBERT     2
336           TF-IDF     2
1306  TF-IDF + GloVe     2
1311            BERT     2
1317           SBERT     2
1321          TF-IDF     2
Selected query=Be thou exalted, O bridegroom, like unto Abrahaml and be thou blessed, like unto isaac; and do thou multiply like unto Joseph, walking in peace, and keeping the comandments of God in righteousness
Selected rank=2
Rows returned=4
RAW: 'A'
RAW: 'X'
RAW: 'X'
RAW: 'A'
RAW: 'A'
RAW: 'X'
Wins: {'A': 1, 'B': 1, 'C': 3, 'D': 1}
Ranking: ['C', 'A', 'B', 'D']
Saved results_scored.csv
              Method  Rank
43    TF-IDF + GloVe     4
48              BERT     4
50             SBERT     4
58            TF-IDF     4
1028  TF-IDF + GloVe     4
1033            BERT     4
1035           SBERT     4
1043          TF-IDF     4
Selected query=Have mercy on me, O God, have mercy on me. For my soul trusts in Thee, and in the shadow of Thy wings will I hope, until iniquity pass away.
Selected rank=4
Rows returned=4
RAW: 'A'
RAW: 'A'
RAW: 'A'
RAW: 'A'
RAW: 'X'
RAW: 'A'
Wins: {'A': 3, 'B': 0, 'C': 1, 'D': 2}
Ranking: ['A', 'D', 'C', 'B']
Saved results_scored.csv
              Method  Rank
733   TF-IDF + GloVe     4
738             BERT     4
740            SBERT     4
748           TF-IDF     4
1718  TF-IDF + GloVe     4
1723            BERT     4
1725           SBERT     4
1733          TF-IDF     4
Selected query=Harken unto my prayer
Selected rank=4
Rows returned=4
RAW: 'A'
RAW: 'A'
RAW: 'X'
RAW: 'X'
RAW: 'X'
RAW: 'A'
Wins: {'A': 3, 'B': 0, 'C': 1, 'D': 2}
Ranking: ['A', 'D', 'C', 'B']
Saved results_scored.csv
              Method  Rank
241   TF-IDF + GloVe     2
246             BERT     2
252            SBERT     2
256           TF-IDF     2
1226  TF-IDF + GloVe     2
1231            BERT     2
1237           SBERT     2
1241          TF-IDF     2
Selected query=O Lord God of my salvation, I have cried day and night before thee: let my prayer come before thee: incline thine ear unto my cry.
Selected rank=2
Rows returned=4
RAW: 'A'
RAW: 'X'
RAW: 'A'
RAW: 'X'
RAW: 'X'
RAW: 'X'
Wins: {'A': 0, 'B': 3, 'C': 2, 'D': 1}
Ranking: ['B', 'C', 'D', 'A']
Saved results_scored.csv
              Method  Rank
453   TF-IDF + GloVe     4
458             BERT     4
459             BERT     4
464            SBERT     4
468           TF-IDF     4
1438  TF-IDF + GloVe     4
1443            BERT     4
1444            BERT     4
1449           SBERT     4
1453          TF-IDF     4
Selected query=“Which psalms use parallelism heavily to emphasize moral contrast between the righteous and the wicked?”
Selected rank=4
Rows returned=4
RAW: 'X'
RAW: 'X'
RAW: 'X'
RAW: 'X'
RAW: 'A'
RAW: 'X'
Wins: {'A': 3, 'B': 2, 'C': 1, 'D': 0}
Ranking: ['A', 'B', 'C', 'D']
Saved results_scored.csv
              Method  Rank
832   TF-IDF + GloVe     3
837             BERT     3
843            SBERT     3
847           TF-IDF     3
1817  TF-IDF + GloVe     3
1822            BERT     3
1828           SBERT     3
1832          TF-IDF     3
Selected query=The Lord is my helper; I will not fear what man shall do unto me.
Selected rank=3
Rows returned=4
RAW: 'A'
RAW: 'A'
RAW: 'X'
RAW: 'X'
RAW: 'X'
RAW: 'A'
Wins: {'A': 1, 'B': 2, 'C': 2, 'D': 1}
Ranking: ['B', 'C', 'A', 'D']
Saved results_scored.csv
              Method  Rank
794   TF-IDF + GloVe     5
799             BERT     5
809           TF-IDF     5
1779  TF-IDF + GloVe     5
1784            BERT     5
1794          TF-IDF     5
Selected query=Have Mercy on me
Selected rank=5
Rows returned=3
RAW: 'X'
RAW: 'A'
RAW: 'X'
Wins: {'A': 2, 'B': 0, 'C': 1}
Ranking: ['A', 'C', 'B']
Saved results_scored.csv
              Method  Rank
182   TF-IDF + GloVe     3
187             BERT     3
194            SBERT     3
197           TF-IDF     3
1167  TF-IDF + GloVe     3
1172            BERT     3
1179           SBERT     3
1182          TF-IDF     3
Selected query=The Lord is my shepherd
Selected rank=3
Rows returned=4
RAW: 'A'
RAW: 'A'
RAW: 'B'
RAW: 'X'
RAW: 'X'
RAW: 'X'
Wins: {'A': 2, 'B': 1, 'C': 2, 'D': 1}
Ranking: ['A', 'C', 'B', 'D']
Saved results_scored.csv
              Method  Rank
140   TF-IDF + GloVe     1
145             BERT     1
150            SBERT     1
155           TF-IDF     1
1125  TF-IDF + GloVe     1
1130            BERT     1
1135           SBERT     1
1140          TF-IDF     1
Selected query=protection from enemies
Selected rank=1
Rows returned=4
RAW: 'B'
RAW: 'X'
RAW: 'X'
RAW: 'X'
RAW: 'A'
RAW: 'A'
Wins: {'A': 3, 'B': 1, 'C': 1, 'D': 1}
Ranking: ['A', 'B', 'C', 'D']
Saved results_scored.csv
              Method  Rank
121   TF-IDF + GloVe     2
126             BERT     2
132            SBERT     2
136           TF-IDF     2
1106  TF-IDF + GloVe     2
1111            BERT     2
1117           SBERT     2
1121          TF-IDF     2
Selected query=prayer
Selected rank=2
Rows returned=4
RAW: 'A'
RAW: 'X'
RAW: 'B'
RAW: 'X'
RAW: 'B'
RAW: 'X'
Wins: {'A': 3, 'B': 1, 'C': 0, 'D': 2}
Ranking: ['A', 'D', 'B', 'C']
Saved results_scored.csv
              Method  Rank
122   TF-IDF + GloVe     3
127             BERT     3
130            SBERT     3
137           TF-IDF     3
1107  TF-IDF + GloVe     3
1112            BERT     3
1115           SBERT     3
1122          TF-IDF     3
Selected query=prayer
Selected rank=3
Rows returned=4
RAW: 'A'
RAW: 'X'
RAW: 'X'
RAW: 'B'
RAW: 'A'
RAW: 'A'
Wins: {'A': 0, 'B': 2, 'C': 2, 'D': 2}
Ranking: ['B', 'C', 'D', 'A']
Saved results_scored.csv
              Method  Rank
510   TF-IDF + GloVe     1
515             BERT     1
522            SBERT     1
525           TF-IDF     1
1495  TF-IDF + GloVe     1
1500            BERT     1
1507           SBERT     1
1510          TF-IDF     1
Selected query=Find psalms describing repentance after sin, especially where the psalmist acknowledges guilt and asks for inner spiritual cleansing
Selected rank=1
Rows returned=4
RAW: 'A'
RAW: 'X'
RAW: 'X'
RAW: 'A'
RAW: 'A'
RAW: 'X'
Wins: {'A': 2, 'B': 1, 'C': 1, 'D': 2}
Ranking: ['A', 'D', 'B', 'C']
Saved results_scored.csv
              Method  Rank
830   TF-IDF + GloVe     1
835             BERT     1
840            SBERT     1
845           TF-IDF     1
1815  TF-IDF + GloVe     1
1820            BERT     1
1825           SBERT     1
1830          TF-IDF     1
Selected query=The Lord is my helper; I will not fear what man shall do unto me.
Selected rank=1
Rows returned=4
RAW: 'A'
RAW: 'A'
RAW: 'A'
RAW: 'X'
RAW: 'X'
RAW: 'X'
Wins: {'A': 2, 'B': 3, 'C': 1, 'D': 0}
Ranking: ['B', 'A', 'C', 'D']
Saved results_scored.csv
    Method  Rank
853   BERT     4
858  SBERT     4
Selected query=Deliverance 
Selected rank=4
Rows returned=2
RAW: 'X'
Wins: {'A': 1, 'B': 0}
Ranking: ['A', 'B']
Saved results_scored.csv
              Method  Rank
221   TF-IDF + GloVe     2
226             BERT     2
233            SBERT     2
236           TF-IDF     2
1206  TF-IDF + GloVe     2
1211            BERT     2
1218           SBERT     2
1221          TF-IDF     2
Selected query=Lord, now lettest thou thy servant depart in peace, according to thy word: for mine eyes have seen thy salvation, which thou hast prepared before the face of all people; a light to lighten the Gentiles, and the glory of thy people Isreal. 
Selected rank=2
Rows returned=4
RAW: 'A'
RAW: 'A'
RAW: 'A'
RAW: 'A'
RAW: 'X'
RAW: 'X'
Wins: {'A': 2, 'B': 3, 'C': 1, 'D': 0}
Ranking: ['B', 'A', 'C', 'D']
Saved results_scored.csv
              Method  Rank
533   TF-IDF + GloVe     4
538             BERT     4
541            SBERT     4
548           TF-IDF     4
1518  TF-IDF + GloVe     4
1523            BERT     4
1526           SBERT     4
1533          TF-IDF     4
Selected query=“Find psalms that include both crying out for help and later declaring confidence in God’s justice”
Selected rank=4
Rows returned=4
RAW: 'A'
RAW: 'X'
RAW: 'B'
RAW: 'X'
RAW: 'X'
RAW: 'A'
Wins: {'A': 1, 'B': 2, 'C': 3, 'D': 0}
Ranking: ['C', 'B', 'A', 'D']
Saved results_scored.csv
              Method  Rank
321   TF-IDF + GloVe     2
326             BERT     2
332            SBERT     2
336           TF-IDF     2
1306  TF-IDF + GloVe     2
1311            BERT     2
1317           SBERT     2
1321          TF-IDF     2
Selected query=Be thou exalted, O bridegroom, like unto Abrahaml and be thou blessed, like unto isaac; and do thou multiply like unto Joseph, walking in peace, and keeping the comandments of God in righteousness
Selected rank=2
Rows returned=4
RAW: 'A'
RAW: 'A'
RAW: 'A'
RAW: 'A'
RAW: 'A'
RAW: 'A'
Wins: {'A': 1, 'B': 3, 'C': 1, 'D': 1}
Ranking: ['B', 'A', 'C', 'D']
Saved results_scored.csv
              Method  Rank
160   TF-IDF + GloVe     1
165             BERT     1
173            SBERT     1
175           TF-IDF     1
1145  TF-IDF + GloVe     1
1150            BERT     1
1158           SBERT     1
1160          TF-IDF     1
Selected query=Rejoice, O ye heavens, sound the trumpets, ye foundation of the earth, thunder forth gladness, O ye mountains: for behold, Emmanuel to the Cross our sins, and the Giver of Life hath slain death, raising up Adam; for He loveth mankind.
Selected rank=1
Rows returned=4
RAW: 'A'
RAW: 'X'
RAW: 'A'
RAW: 'A'
RAW: 'A'
RAW: 'A'
Wins: {'A': 2, 'B': 2, 'C': 0, 'D': 2}
Ranking: ['A', 'B', 'D', 'C']
Saved results_scored.csv
              Method  Rank
451   TF-IDF + GloVe     2
456             BERT     2
460            SBERT     2
466           TF-IDF     2
1436  TF-IDF + GloVe     2
1441            BERT     2
1445           SBERT     2
1451          TF-IDF     2
Selected query=“Which psalms use parallelism heavily to emphasize moral contrast between the righteous and the wicked?”
Selected rank=2
Rows returned=4
RAW: 'X'
RAW: 'X'
RAW: 'A'
RAW: 'X'
RAW: 'X'
RAW: 'A'
Wins: {'A': 2, 'B': 2, 'C': 1, 'D': 1}
Ranking: ['A', 'B', 'C', 'D']
Saved results_scored.csv
              Method  Rank
222   TF-IDF + GloVe     3
227             BERT     3
232            SBERT     3
237           TF-IDF     3
1207  TF-IDF + GloVe     3
1212            BERT     3
1217           SBERT     3
1222          TF-IDF     3
Selected query=Lord, now lettest thou thy servant depart in peace, according to thy word: for mine eyes have seen thy salvation, which thou hast prepared before the face of all people; a light to lighten the Gentiles, and the glory of thy people Isreal. 
Selected rank=3
Rows returned=4
RAW: 'A'
RAW: 'A'
RAW: 'A'
RAW: 'X'
RAW: 'X'
RAW: 'X'
Wins: {'A': 0, 'B': 2, 'C': 3, 'D': 1}
Ranking: ['C', 'B', 'D', 'A']
Saved results_scored.csv
              Method  Rank
573   TF-IDF + GloVe     4
578             BERT     4
584            SBERT     4
588           TF-IDF     4
1558  TF-IDF + GloVe     4
1563            BERT     4
1569           SBERT     4
1573          TF-IDF     4
Selected query=Psalms that express a transition from deep personal lament and feelings of abandonment to renewed trust and praise, especially where the emotional shift is explicit within the same psalm
Selected rank=4
Rows returned=4
RAW: 'B'
RAW: 'X'
RAW: 'A'
RAW: 'A'
RAW: 'X'
RAW: 'A'
Wins: {'A': 2, 'B': 1, 'C': 2, 'D': 1}
Ranking: ['A', 'C', 'B', 'D']
Saved results_scored.csv
              Method  Rank
23    TF-IDF + GloVe     4
28              BERT     4
32             SBERT     4
38            TF-IDF     4
1008  TF-IDF + GloVe     4
1013            BERT     4
1017           SBERT     4
1023          TF-IDF     4
Selected query=For the Peace of the world
Selected rank=4
Rows returned=4
RAW: 'X'
RAW: 'X'
RAW: 'A'
RAW: 'X'
RAW: 'X'
RAW: 'X'
Wins: {'A': 2, 'B': 1, 'C': 2, 'D': 1}
Ranking: ['A', 'C', 'B', 'D']
Saved results_scored.csv
              Method  Rank
431   TF-IDF + GloVe     2
436             BERT     2
442            SBERT     2
446           TF-IDF     2
1416  TF-IDF + GloVe     2
1421            BERT     2
1427           SBERT     2
1431          TF-IDF     2
Selected query=“Psalms that contrast human mortality with divine eternity and reflect on the fleeting nature of life”
Selected rank=2
Rows returned=4
RAW: 'A'
RAW: 'A'
RAW: 'A'
RAW: 'A'
RAW: 'X'
RAW: 'A'
Wins: {'A': 1, 'B': 3, 'C': 1, 'D': 1}
Ranking: ['B', 'A', 'C', 'D']
Saved results_scored.csv
              Method  Rank
652   TF-IDF + GloVe     3
657             BERT     3
660            SBERT     3
667           TF-IDF     3
1637  TF-IDF + GloVe     3
1642            BERT     3
1645           SBERT     3
1652          TF-IDF     3
Selected query=Identify psalms that combine themes of suffering, injustice, and confusion about God’s presence, yet still conclude with declarations of hope, faith, or trust in divine deliverance
Selected rank=3
Rows returned=4
RAW: 'X'
RAW: 'X'
RAW: 'X'
RAW: 'X'
RAW: 'A'
RAW: 'A'
Wins: {'A': 2, 'B': 2, 'C': 2, 'D': 0}
Ranking: ['A', 'B', 'C', 'D']
Saved results_scored.csv
              Method  Rank
530   TF-IDF + GloVe     1
535             BERT     1
542            SBERT     1
545           TF-IDF     1
1515  TF-IDF + GloVe     1
1520            BERT     1
1527           SBERT     1
1530          TF-IDF     1
Selected query=“Find psalms that include both crying out for help and later declaring confidence in God’s justice”
Selected rank=1
Rows returned=4
RAW: 'X'
RAW: 'A'
RAW: 'X'
RAW: 'A'
RAW: 'A'
RAW: 'X'
Wins: {'A': 1, 'B': 3, 'C': 1, 'D': 1}
Ranking: ['B', 'A', 'C', 'D']
Saved results_scored.csv
              Method  Rank
694   TF-IDF + GloVe     5
699             BERT     5
701            SBERT     5
709           TF-IDF     5
1679  TF-IDF + GloVe     5
1684            BERT     5
1686           SBERT     5
1694          TF-IDF     5
Selected query=Psalms describing God as a refuge and protector during times of danger, oppression, or attack
Selected rank=5
Rows returned=4
RAW: 'X'
RAW: 'X'
RAW: 'A'
RAW: 'X'
RAW: 'X'
RAW: 'X'
Wins: {'A': 1, 'B': 2, 'C': 2, 'D': 1}
Ranking: ['B', 'C', 'A', 'D']
Saved results_scored.csv
              Method  Rank
493   TF-IDF + GloVe     4
498             BERT     4
501            SBERT     4
508           TF-IDF     4
1478  TF-IDF + GloVe     4
1483            BERT     4
1486           SBERT     4
1493          TF-IDF     4
Selected query=Psalms containing repeated rhetorical questions directed at God during moments of suffering
Selected rank=4
Rows returned=4
RAW: 'A'
RAW: 'X'
RAW: 'X'
RAW: 'B'
RAW: 'A'
RAW: 'X'
Wins: {'A': 1, 'B': 2, 'C': 0, 'D': 3}
Ranking: ['D', 'B', 'A', 'C']
Saved results_scored.csv
              Method  Rank
474   TF-IDF + GloVe     5
479             BERT     5
481            SBERT     5
489           TF-IDF     5
1459  TF-IDF + GloVe     5
1464            BERT     5
1466           SBERT     5
1474          TF-IDF     5
Selected query=“Compare psalms that emphasize divine wrath versus psalms that emphasize divine mercy and forgiveness”
Selected rank=5
Rows returned=4
RAW: 'A'
RAW: 'A'
RAW: 'X'
RAW: 'X'
RAW: 'X'
RAW: 'B'
Wins: {'A': 1, 'B': 2, 'C': 1, 'D': 2}
Ranking: ['B', 'D', 'A', 'C']
Saved results_scored.csv
              Method  Rank
810   TF-IDF + GloVe     1
815             BERT     1
823            SBERT     1
825           TF-IDF     1
1795  TF-IDF + GloVe     1
1800            BERT     1
1808           SBERT     1
1810          TF-IDF     1
Selected query=God with with us
Selected rank=1
Rows returned=4
RAW: 'X'
RAW: 'X'
RAW: 'X'
RAW: 'X'
RAW: 'X'
RAW: 'X'
Wins: {'A': 2, 'B': 1, 'C': 0, 'D': 3}
Ranking: ['D', 'A', 'B', 'C']
Saved results_scored.csv
              Method  Rank
570   TF-IDF + GloVe     1
575             BERT     1
583            SBERT     1
585           TF-IDF     1
1555  TF-IDF + GloVe     1
1560            BERT     1
1568           SBERT     1
1570          TF-IDF     1
Selected query=Psalms that express a transition from deep personal lament and feelings of abandonment to renewed trust and praise, especially where the emotional shift is explicit within the same psalm
Selected rank=1
Rows returned=4
RAW: 'X'
RAW: 'X'
RAW: 'X'
RAW: 'X'
RAW: 'X'
RAW: 'B'
Wins: {'A': 3, 'B': 1, 'C': 1, 'D': 1}
Ranking: ['A', 'B', 'C', 'D']
Saved results_scored.csv
              Method  Rank
492   TF-IDF + GloVe     3
497             BERT     3
500            SBERT     3
507           TF-IDF     3
1477  TF-IDF + GloVe     3
1482            BERT     3
1485           SBERT     3
1492          TF-IDF     3
Selected query=Psalms containing repeated rhetorical questions directed at God during moments of suffering
Selected rank=3
Rows returned=4
RAW: 'X'
RAW: 'X'
RAW: 'X'
RAW: 'A'
RAW: 'A'
RAW: 'X'
Wins: {'A': 2, 'B': 1, 'C': 2, 'D': 1}
Ranking: ['A', 'C', 'B', 'D']
Saved results_scored.csv
              Method  Rank
633   TF-IDF + GloVe     4
638             BERT     4
644            SBERT     4
648           TF-IDF     4
1618  TF-IDF + GloVe     4
1623            BERT     4
1629           SBERT     4
1633          TF-IDF     4
Selected query=Psalms that reflect on human mortality and the fragility of life in contrast with the eternal nature of God, including meditations on time, death, and divine permanence
Selected rank=4
Rows returned=4
RAW: 'A'
RAW: 'A'
RAW: 'A'
RAW: 'A'
RAW: 'X'
RAW: 'A'
Wins: {'A': 1, 'B': 1, 'C': 3, 'D': 1}
Ranking: ['C', 'A', 'B', 'D']
Saved results_scored.csv
              Method  Rank
472   TF-IDF + GloVe     3
477             BERT     3
484            SBERT     3
487           TF-IDF     3
1457  TF-IDF + GloVe     3
1462            BERT     3
1469           SBERT     3
1472          TF-IDF     3
Selected query=“Compare psalms that emphasize divine wrath versus psalms that emphasize divine mercy and forgiveness”
Selected rank=3
Rows returned=4
RAW: 'X'
RAW: 'A'
RAW: 'X'
RAW: 'X'
RAW: 'X'
RAW: 'A'
Wins: {'A': 0, 'B': 1, 'C': 2, 'D': 3}
Ranking: ['D', 'C', 'B', 'A']
Saved results_scored.csv
              Method  Rank
81    TF-IDF + GloVe     2
86              BERT     2
92             SBERT     2
96            TF-IDF     2
1066  TF-IDF + GloVe     2
1071            BERT     2
1077           SBERT     2
1081          TF-IDF     2
Selected query=mercy
Selected rank=2
Rows returned=4
RAW: 'B'
RAW: 'X'
RAW: 'X'
RAW: 'A'
RAW: 'B'
RAW: 'A'
Wins: {'A': 3, 'B': 1, 'C': 1, 'D': 1}
Ranking: ['A', 'B', 'C', 'D']
Saved results_scored.csv
     Method  Rank
376    BERT     2
384   SBERT     2
1361   BERT     2
1369  SBERT     2
Selected query=Belief 
Selected rank=2
Rows returned=2
RAW: 'X'
Wins: {'A': 0, 'B': 1}
Ranking: ['B', 'A']
Saved results_scored.csv
              Method  Rank
592   TF-IDF + GloVe     3
597             BERT     3
603            SBERT     3
607           TF-IDF     3
1577  TF-IDF + GloVe     3
1582            BERT     3
1588           SBERT     3
1592          TF-IDF     3
Selected query=Find psalms that describe God as a refuge and protector in the context of enemies, oppression, or danger, emphasizing both emotional dependence and divine justice
Selected rank=3
Rows returned=4
RAW: 'A'
RAW: 'A'
RAW: 'A'
RAW: 'X'
RAW: 'X'
RAW: 'A'
Wins: {'A': 3, 'B': 1, 'C': 1, 'D': 1}
Ranking: ['A', 'B', 'C', 'D']
Saved results_scored.csv
              Method  Rank
832   TF-IDF + GloVe     3
837             BERT     3
843            SBERT     3
847           TF-IDF     3
1817  TF-IDF + GloVe     3
1822            BERT     3
1828           SBERT     3
1832          TF-IDF     3
Selected query=The Lord is my helper; I will not fear what man shall do unto me.
Selected rank=3
Rows returned=4
RAW: 'A'
RAW: 'A'
RAW: 'X'
RAW: 'A'
RAW: 'X'
RAW: 'A'
Wins: {'A': 2, 'B': 1, 'C': 1, 'D': 2}
Ranking: ['A', 'D', 'B', 'C']
Saved results_scored.csv
      Method  Rank
375     BERT     1
383    SBERT     1
385   TF-IDF     1
386   TF-IDF     1
387   TF-IDF     1
388   TF-IDF     1
389   TF-IDF     1
1360    BERT     1
1368   SBERT     1
1370  TF-IDF     1
1371  TF-IDF     1
1372  TF-IDF     1
1373  TF-IDF     1
1374  TF-IDF     1
Selected query=Belief 
Selected rank=1
Rows returned=3
RAW: 'X'
RAW: 'A'
RAW: 'A'
Wins: {'A': 0, 'B': 2, 'C': 1}
Ranking: ['B', 'C', 'A']
Saved results_scored.csv
              Method  Rank
164   TF-IDF + GloVe     5
169             BERT     5
170            SBERT     5
179           TF-IDF     5
1149  TF-IDF + GloVe     5
1154            BERT     5
1155           SBERT     5
1164          TF-IDF     5
Selected query=Rejoice, O ye heavens, sound the trumpets, ye foundation of the earth, thunder forth gladness, O ye mountains: for behold, Emmanuel to the Cross our sins, and the Giver of Life hath slain death, raising up Adam; for He loveth mankind.
Selected rank=5
Rows returned=4
RAW: 'X'
RAW: 'X'
RAW: 'X'
RAW: 'A'
RAW: 'A'
RAW: 'X'
Wins: {'A': 2, 'B': 1, 'C': 3, 'D': 0}
Ranking: ['C', 'A', 'B', 'D']
Saved results_scored.csv
              Method  Rank
632   TF-IDF + GloVe     3
637             BERT     3
640            SBERT     3
647           TF-IDF     3
1617  TF-IDF + GloVe     3
1622            BERT     3
1625           SBERT     3
1632          TF-IDF     3
Selected query=Psalms that reflect on human mortality and the fragility of life in contrast with the eternal nature of God, including meditations on time, death, and divine permanence
Selected rank=3
Rows returned=4
RAW: 'A'
RAW: 'X'
RAW: 'A'
RAW: 'A'
RAW: 'A'
RAW: 'X'
Wins: {'A': 1, 'B': 1, 'C': 2, 'D': 2}
Ranking: ['C', 'D', 'A', 'B']
Saved results_scored.csv
              Method  Rank
243   TF-IDF + GloVe     4
248             BERT     4
254            SBERT     4
258           TF-IDF     4
1228  TF-IDF + GloVe     4
1233            BERT     4
1239           SBERT     4
1243          TF-IDF     4
Selected query=O Lord God of my salvation, I have cried day and night before thee: let my prayer come before thee: incline thine ear unto my cry.
Selected rank=4
Rows returned=4
RAW: 'A'
RAW: 'X'
RAW: 'X'
RAW: 'X'
RAW: 'X'
RAW: 'X'
Wins: {'A': 1, 'B': 1, 'C': 3, 'D': 1}
Ranking: ['C', 'A', 'B', 'D']
Saved results_scored.csv
              Method  Rank
794   TF-IDF + GloVe     5
799             BERT     5
809           TF-IDF     5
1779  TF-IDF + GloVe     5
1784            BERT     5
1794          TF-IDF     5
Selected query=Have Mercy on me
Selected rank=5
Rows returned=3
RAW: 'A'
RAW: 'A'
RAW: 'X'
Wins: {'A': 2, 'B': 0, 'C': 1}
Ranking: ['A', 'C', 'B']
Saved results_scored.csv
              Method  Rank
750   TF-IDF + GloVe     1
755             BERT     1
760            SBERT     1
765           TF-IDF     1
1735  TF-IDF + GloVe     1
1740            BERT     1
1745           SBERT     1
1750          TF-IDF     1
Selected query=For His mercy endureth forever
Selected rank=1
Rows returned=4
RAW: 'A'
RAW: 'X'
RAW: 'A'
RAW: 'A'
RAW: 'X'
RAW: 'B'
Wins: {'A': 2, 'B': 0, 'C': 3, 'D': 1}
Ranking: ['C', 'A', 'D', 'B']
Saved results_scored.csv
              Method  Rank
670   TF-IDF + GloVe     1
675             BERT     1
682            SBERT     1
685           TF-IDF     1
1655  TF-IDF + GloVe     1
1660            BERT     1
1667           SBERT     1
1670          TF-IDF     1
Selected query= Psalms that move from lament and despair to praise and renewed trust in God within the same psalm
Selected rank=1
Rows returned=4
RAW: 'A'
RAW: 'X'
RAW: 'X'
RAW: 'A'
RAW: 'A'
RAW: 'X'
Wins: {'A': 2, 'B': 2, 'C': 1, 'D': 1}
Ranking: ['A', 'B', 'C', 'D']
Saved results_scored.csv
              Method  Rank
123   TF-IDF + GloVe     4
128             BERT     4
131            SBERT     4
138           TF-IDF     4
1108  TF-IDF + GloVe     4
1113            BERT     4
1116           SBERT     4
1123          TF-IDF     4
Selected query=prayer
Selected rank=4
Rows returned=4
RAW: 'X'
RAW: 'X'
RAW: 'B'
RAW: 'X'
RAW: 'A'
RAW: 'A'
Wins: {'A': 2, 'B': 2, 'C': 0, 'D': 2}
Ranking: ['A', 'B', 'D', 'C']
Saved results_scored.csv
              Method  Rank
492   TF-IDF + GloVe     3
497             BERT     3
500            SBERT     3
507           TF-IDF     3
1477  TF-IDF + GloVe     3
1482            BERT     3
1485           SBERT     3
1492          TF-IDF     3
Selected query=Psalms containing repeated rhetorical questions directed at God during moments of suffering
Selected rank=3
Rows returned=4
RAW: 'X'
RAW: 'X'
RAW: 'A'
RAW: 'A'
RAW: 'A'
RAW: 'A'
Wins: {'A': 2, 'B': 3, 'C': 0, 'D': 1}
Ranking: ['B', 'A', 'D', 'C']
Saved results_scored.csv
              Method  Rank
140   TF-IDF + GloVe     1
145             BERT     1
150            SBERT     1
155           TF-IDF     1
1125  TF-IDF + GloVe     1
1130            BERT     1
1135           SBERT     1
1140          TF-IDF     1
Selected query=protection from enemies
Selected rank=1
Rows returned=4
RAW: 'X'
RAW: 'X'
RAW: 'X'
RAW: 'A'
RAW: 'X'
RAW: 'A'
Wins: {'A': 1, 'B': 2, 'C': 1, 'D': 2}
Ranking: ['B', 'D', 'A', 'C']
Saved results_scored.csv
              Method  Rank
493   TF-IDF + GloVe     4
498             BERT     4
501            SBERT     4
508           TF-IDF     4
1478  TF-IDF + GloVe     4
1483            BERT     4
1486           SBERT     4
1493          TF-IDF     4
Selected query=Psalms containing repeated rhetorical questions directed at God during moments of suffering
Selected rank=4
Rows returned=4
RAW: 'X'
RAW: 'A'
RAW: 'A'
RAW: 'A'
RAW: 'X'
RAW: 'X'
Wins: {'A': 1, 'B': 2, 'C': 2, 'D': 1}
Ranking: ['B', 'C', 'A', 'D']
Saved results_scored.csv
              Method  Rank
711   TF-IDF + GloVe     2
716             BERT     2
723            SBERT     2
726           TF-IDF     2
1696  TF-IDF + GloVe     2
1701            BERT     2
1708           SBERT     2
1711          TF-IDF     2
Selected query=Attend to my supplication
Selected rank=2
Rows returned=4
RAW: 'X'
RAW: 'X'
RAW: 'X'
RAW: 'A'
RAW: 'A'
RAW: 'A'
Wins: {'A': 2, 'B': 1, 'C': 1, 'D': 2}
Ranking: ['A', 'D', 'B', 'C']
Saved results_scored.csv
              Method  Rank
530   TF-IDF + GloVe     1
535             BERT     1
542            SBERT     1
545           TF-IDF     1
1515  TF-IDF + GloVe     1
1520            BERT     1
1527           SBERT     1
1530          TF-IDF     1
Selected query=“Find psalms that include both crying out for help and later declaring confidence in God’s justice”
Selected rank=1
Rows returned=4
RAW: 'X'
RAW: 'A'
RAW: 'A'
RAW: 'A'
RAW: 'B'
RAW: 'A'
Wins: {'A': 2, 'B': 1, 'C': 1, 'D': 2}
Ranking: ['A', 'D', 'B', 'C']
Saved results_scored.csv
              Method  Rank
692   TF-IDF + GloVe     3
697             BERT     3
703            SBERT     3
707           TF-IDF     3
1677  TF-IDF + GloVe     3
1682            BERT     3
1688           SBERT     3
1692          TF-IDF     3
Selected query=Psalms describing God as a refuge and protector during times of danger, oppression, or attack
Selected rank=3
Rows returned=4
RAW: 'X'
RAW: 'X'
RAW: 'X'
RAW: 'A'
RAW: 'X'
RAW: 'A'
Wins: {'A': 2, 'B': 2, 'C': 1, 'D': 1}
Ranking: ['A', 'B', 'C', 'D']
Saved results_scored.csv
              Method  Rank
694   TF-IDF + GloVe     5
699             BERT     5
701            SBERT     5
709           TF-IDF     5
1679  TF-IDF + GloVe     5
1684            BERT     5
1686           SBERT     5
1694          TF-IDF     5
Selected query=Psalms describing God as a refuge and protector during times of danger, oppression, or attack
Selected rank=5
Rows returned=4
RAW: 'A'
RAW: 'A'
RAW: 'X'
RAW: 'A'
RAW: 'A'
RAW: 'X'
Wins: {'A': 1, 'B': 1, 'C': 1, 'D': 3}
Ranking: ['D', 'A', 'B', 'C']
Saved results_scored.csv
              Method  Rank
752   TF-IDF + GloVe     3
757             BERT     3
764            SBERT     3
767           TF-IDF     3
1737  TF-IDF + GloVe     3
1742            BERT     3
1749           SBERT     3
1752          TF-IDF     3
Selected query=For His mercy endureth forever
Selected rank=3
Rows returned=4
RAW: 'A'
RAW: 'A'
RAW: 'A'
RAW: 'X'
RAW: 'X'
RAW: 'X'
Wins: {'A': 2, 'B': 2, 'C': 1, 'D': 1}
Ranking: ['A', 'B', 'C', 'D']
Saved results_scored.csv
              Method  Rank
3     TF-IDF + GloVe     4
8               BERT     4
11             SBERT     4
18            TF-IDF     4
988   TF-IDF + GloVe     4
993             BERT     4
996            SBERT     4
1003          TF-IDF     4
Selected query=Create in me a clean heart
Selected rank=4
Rows returned=4
RAW: 'B'
RAW: 'X'
RAW: 'A'
RAW: 'X'
RAW: 'A'
RAW: 'A'
Wins: {'A': 2, 'B': 2, 'C': 1, 'D': 1}
Ranking: ['A', 'B', 'C', 'D']
Saved results_scored.csv
              Method  Rank
451   TF-IDF + GloVe     2
456             BERT     2
460            SBERT     2
466           TF-IDF     2
1436  TF-IDF + GloVe     2
1441            BERT     2
1445           SBERT     2
1451          TF-IDF     2
Selected query=“Which psalms use parallelism heavily to emphasize moral contrast between the righteous and the wicked?”
Selected rank=2
Rows returned=4
RAW: 'B'
RAW: 'A'
RAW: 'A'
RAW: 'X'
RAW: 'X'
RAW: 'X'
Wins: {'A': 1, 'B': 2, 'C': 2, 'D': 1}
Ranking: ['B', 'C', 'A', 'D']
Saved results_scored.csv
              Method  Rank
412   TF-IDF + GloVe     3
417             BERT     3
424            SBERT     3
427           TF-IDF     3
1397  TF-IDF + GloVe     3
1402            BERT     3
1409           SBERT     3
1412          TF-IDF     3
Selected query=Love for Mankind
Selected rank=3
Rows returned=4
RAW: 'X'
RAW: 'B'
RAW: 'A'
RAW: 'A'
RAW: 'X'
RAW: 'A'
Wins: {'A': 0, 'B': 3, 'C': 1, 'D': 2}
Ranking: ['B', 'D', 'C', 'A']
Saved results_scored.csv
              Method  Rank
732   TF-IDF + GloVe     3
737             BERT     3
741            SBERT     3
744            SBERT     3
747           TF-IDF     3
1717  TF-IDF + GloVe     3
1722            BERT     3
1726           SBERT     3
1729           SBERT     3
1732          TF-IDF     3
Selected query=Harken unto my prayer
Selected rank=3
Rows returned=4
RAW: 'X'
RAW: 'A'
RAW: 'A'
RAW: 'A'
RAW: 'A'
RAW: 'X'
Wins: {'A': 1, 'B': 2, 'C': 2, 'D': 1}
Ranking: ['B', 'C', 'A', 'D']
Saved results_scored.csv
              Method  Rank
752   TF-IDF + GloVe     3
757             BERT     3
764            SBERT     3
767           TF-IDF     3
1737  TF-IDF + GloVe     3
1742            BERT     3
1749           SBERT     3
1752          TF-IDF     3
Selected query=For His mercy endureth forever
Selected rank=3
Rows returned=4
RAW: 'B'
RAW: 'X'
RAW: 'X'
RAW: 'A'
RAW: 'B'
RAW: 'B'
Wins: {'A': 2, 'B': 1, 'C': 2, 'D': 1}
Ranking: ['A', 'C', 'B', 'D']
Saved results_scored.csv
              Method  Rank
733   TF-IDF + GloVe     4
738             BERT     4
740            SBERT     4
748           TF-IDF     4
1718  TF-IDF + GloVe     4
1723            BERT     4
1725           SBERT     4
1733          TF-IDF     4
Selected query=Harken unto my prayer
Selected rank=4
Rows returned=4
RAW: 'A'
RAW: 'X'
RAW: 'X'
RAW: 'B'
RAW: 'X'
RAW: 'X'
Wins: {'A': 2, 'B': 2, 'C': 2, 'D': 0}
Ranking: ['A', 'B', 'C', 'D']
Saved results_scored.csv
              Method  Rank
551   TF-IDF + GloVe     2
556             BERT     2
563            SBERT     2
566           TF-IDF     2
1536  TF-IDF + GloVe     2
1541            BERT     2
1548           SBERT     2
1551          TF-IDF     2
Selected query=“Psalms that express deep lament and trust in God simultaneously during periods of persecution and feeling abandoned”
Selected rank=2
Rows returned=4
RAW: 'X'
RAW: 'A'
RAW: 'X'
RAW: 'X'
RAW: 'X'
RAW: 'A'
Wins: {'A': 1, 'B': 1, 'C': 2, 'D': 2}
Ranking: ['C', 'D', 'A', 'B']
Saved results_scored.csv
              Method  Rank
244   TF-IDF + GloVe     5
249             BERT     5
250            SBERT     5
259           TF-IDF     5
1229  TF-IDF + GloVe     5
1234            BERT     5
1235           SBERT     5
1244          TF-IDF     5
Selected query=O Lord God of my salvation, I have cried day and night before thee: let my prayer come before thee: incline thine ear unto my cry.
Selected rank=5
Rows returned=4
RAW: 'X'
RAW: 'X'
RAW: 'X'
RAW: 'X'
RAW: 'X'
RAW: 'X'
Wins: {'A': 1, 'B': 1, 'C': 3, 'D': 1}
Ranking: ['C', 'A', 'B', 'D']
Saved results_scored.csv
              Method  Rank
104   TF-IDF + GloVe     5
109             BERT     5
112            SBERT     5
119           TF-IDF     5
1089  TF-IDF + GloVe     5
1094            BERT     5
1097           SBERT     5
1104          TF-IDF     5
Selected query=praise in times of suffering
Selected rank=5
Rows returned=4
RAW: 'X'
RAW: 'A'
RAW: 'B'
RAW: 'X'
RAW: 'X'
RAW: 'B'
Wins: {'A': 2, 'B': 2, 'C': 1, 'D': 1}
Ranking: ['A', 'B', 'C', 'D']
Saved results_scored.csv
              Method  Rank
570   TF-IDF + GloVe     1
575             BERT     1
583            SBERT     1
585           TF-IDF     1
1555  TF-IDF + GloVe     1
1560            BERT     1
1568           SBERT     1
1570          TF-IDF     1
Selected query=Psalms that express a transition from deep personal lament and feelings of abandonment to renewed trust and praise, especially where the emotional shift is explicit within the same psalm
Selected rank=1
Rows returned=4
RAW: 'A'
RAW: 'A'
RAW: 'A'
RAW: 'A'
RAW: 'X'
RAW: 'B'
Wins: {'A': 1, 'B': 1, 'C': 3, 'D': 1}
Ranking: ['C', 'A', 'B', 'D']
Saved results_scored.csv
              Method  Rank
322   TF-IDF + GloVe     3
327             BERT     3
333            SBERT     3
334            SBERT     3
337           TF-IDF     3
1307  TF-IDF + GloVe     3
1312            BERT     3
1318           SBERT     3
1319           SBERT     3
1322          TF-IDF     3
Selected query=Be thou exalted, O bridegroom, like unto Abrahaml and be thou blessed, like unto isaac; and do thou multiply like unto Joseph, walking in peace, and keeping the comandments of God in righteousness
Selected rank=3
Rows returned=4
RAW: 'A'
RAW: 'A'
RAW: 'A'
RAW: 'A'
RAW: 'X'
RAW: 'A'
Wins: {'A': 1, 'B': 2, 'C': 2, 'D': 1}
Ranking: ['B', 'C', 'A', 'D']
Saved results_scored.csv
              Method  Rank
320   TF-IDF + GloVe     1
325             BERT     1
331            SBERT     1
335           TF-IDF     1
1305  TF-IDF + GloVe     1
1310            BERT     1
1316           SBERT     1
1320          TF-IDF     1
Selected query=Be thou exalted, O bridegroom, like unto Abrahaml and be thou blessed, like unto isaac; and do thou multiply like unto Joseph, walking in peace, and keeping the comandments of God in righteousness
Selected rank=1
Rows returned=4
RAW: 'A'
RAW: 'A'
RAW: 'A'
RAW: 'X'
RAW: 'X'
RAW: 'A'
Wins: {'A': 0, 'B': 2, 'C': 2, 'D': 2}
Ranking: ['B', 'C', 'D', 'A']
Saved results_scored.csv
              Method  Rank
771   TF-IDF + GloVe     2
776             BERT     2
780            SBERT     2
786           TF-IDF     2
1756  TF-IDF + GloVe     2
1761            BERT     2
1765           SBERT     2
1771          TF-IDF     2
Selected query=Lord I have cried unto thee
Selected rank=2
Rows returned=4
RAW: 'A'
RAW: 'B'
RAW: 'X'
RAW: 'A'
RAW: 'A'
RAW: 'X'
Wins: {'A': 1, 'B': 2, 'C': 2, 'D': 1}
Ranking: ['B', 'C', 'A', 'D']
Saved results_scored.csv
              Method  Rank
833   TF-IDF + GloVe     4
838             BERT     4
844            SBERT     4
848           TF-IDF     4
1818  TF-IDF + GloVe     4
1823            BERT     4
1829           SBERT     4
1833          TF-IDF     4
Selected query=The Lord is my helper; I will not fear what man shall do unto me.
Selected rank=4
Rows returned=4
RAW: 'A'
RAW: 'A'
RAW: 'B'
RAW: 'X'
RAW: 'X'
RAW: 'X'
Wins: {'A': 0, 'B': 3, 'C': 2, 'D': 1}
Ranking: ['B', 'C', 'D', 'A']
Saved results_scored.csv
              Method  Rank
320   TF-IDF + GloVe     1
325             BERT     1
331            SBERT     1
335           TF-IDF     1
1305  TF-IDF + GloVe     1
1310            BERT     1
1316           SBERT     1
1320          TF-IDF     1
Selected query=Be thou exalted, O bridegroom, like unto Abrahaml and be thou blessed, like unto isaac; and do thou multiply like unto Joseph, walking in peace, and keeping the comandments of God in righteousness
Selected rank=1
Rows returned=4
RAW: 'A'
RAW: 'A'
RAW: 'A'
RAW: 'X'
RAW: 'X'
RAW: 'X'
Wins: {'A': 1, 'B': 1, 'C': 2, 'D': 2}
Ranking: ['C', 'D', 'A', 'B']
Saved results_scored.csv
     Method  Rank
343    BERT     4
347   SBERT     4
348   SBERT     4
1328   BERT     4
1332  SBERT     4
1333  SBERT     4
Selected query=Forgivness
Selected rank=4
Rows returned=2
RAW: 'X'
Wins: {'A': 0, 'B': 1}
Ranking: ['B', 'A']
Saved results_scored.csv
              Method  Rank
670   TF-IDF + GloVe     1
675             BERT     1
682            SBERT     1
685           TF-IDF     1
1655  TF-IDF + GloVe     1
1660            BERT     1
1667           SBERT     1
1670          TF-IDF     1
Selected query= Psalms that move from lament and despair to praise and renewed trust in God within the same psalm
Selected rank=1
Rows returned=4
RAW: 'A'
RAW: 'X'
RAW: 'A'
RAW: 'X'
RAW: 'B'
RAW: 'A'
Wins: {'A': 2, 'B': 2, 'C': 1, 'D': 1}
Ranking: ['A', 'B', 'C', 'D']
Saved results_scored.csv
    Method  Rank
853   BERT     4
858  SBERT     4
Selected query=Deliverance 
Selected rank=4
Rows returned=2
RAW: 'X'
Wins: {'A': 1, 'B': 0}
Ranking: ['A', 'B']
Saved results_scored.csv
              Method  Rank
771   TF-IDF + GloVe     2
776             BERT     2
780            SBERT     2
786           TF-IDF     2
1756  TF-IDF + GloVe     2
1761            BERT     2
1765           SBERT     2
1771          TF-IDF     2
Selected query=Lord I have cried unto thee
Selected rank=2
Rows returned=4
RAW: 'A'
RAW: 'X'
RAW: 'X'
RAW: 'X'
RAW: 'X'
RAW: 'X'
Wins: {'A': 1, 'B': 1, 'C': 3, 'D': 1}
Ranking: ['C', 'A', 'B', 'D']
Saved results_scored.csv
              Method  Rank
650   TF-IDF + GloVe     1
655             BERT     1
662            SBERT     1
665           TF-IDF     1
1635  TF-IDF + GloVe     1
1640            BERT     1
1647           SBERT     1
1650          TF-IDF     1
Selected query=Identify psalms that combine themes of suffering, injustice, and confusion about God’s presence, yet still conclude with declarations of hope, faith, or trust in divine deliverance
Selected rank=1
Rows returned=4
RAW: 'X'
RAW: 'X'
RAW: 'A'
RAW: 'A'
RAW: 'A'
RAW: 'A'
Wins: {'A': 1, 'B': 1, 'C': 3, 'D': 1}
Ranking: ['C', 'A', 'B', 'D']
Saved results_scored.csv
              Method  Rank
394   TF-IDF + GloVe     5
399             BERT     5
409           TF-IDF     5
1379  TF-IDF + GloVe     5
1384            BERT     5
1394          TF-IDF     5
Selected query=Transgression
Selected rank=5
Rows returned=3
RAW: 'X'
RAW: 'X'
RAW: 'X'
Wins: {'A': 1, 'B': 1, 'C': 1}
Ranking: ['A', 'B', 'C']
Saved results_scored.csv
              Method  Rank
182   TF-IDF + GloVe     3
187             BERT     3
194            SBERT     3
197           TF-IDF     3
1167  TF-IDF + GloVe     3
1172            BERT     3
1179           SBERT     3
1182          TF-IDF     3
Selected query=The Lord is my shepherd
Selected rank=3
Rows returned=4
RAW: 'A'
RAW: 'X'
RAW: 'A'
RAW: 'X'
RAW: 'A'
RAW: 'A'
Wins: {'A': 3, 'B': 2, 'C': 0, 'D': 1}
Ranking: ['A', 'B', 'D', 'C']
Saved results_scored.csv
              Method  Rank
281   TF-IDF + GloVe     2
286             BERT     2
292            SBERT     2
296           TF-IDF     2
1266  TF-IDF + GloVe     2
1271            BERT     2
1277           SBERT     2
1281          TF-IDF     2
Selected query=When the stone had been sealed by the Jews; while the soldiers were guarding Thy most pure Body; Thou didst rise on the third day, O Savior, granting life to the world. The powers of heaven therefore cried to Thee, O Giver of Life: Glory to Thy Resurrection, O Christ! Glory to Thy Kingdom! Glory to Thy dispensation, O Thou who lovest mankind.
Selected rank=2
Rows returned=4
RAW: 'A'
RAW: 'A'
RAW: 'A'
RAW: 'X'
RAW: 'X'
RAW: 'X'
Wins: {'A': 2, 'B': 1, 'C': 1, 'D': 2}
Ranking: ['A', 'D', 'B', 'C']
Saved results_scored.csv
              Method  Rank
594   TF-IDF + GloVe     5
599             BERT     5
601            SBERT     5
609           TF-IDF     5
1579  TF-IDF + GloVe     5
1584            BERT     5
1586           SBERT     5
1594          TF-IDF     5
Selected query=Find psalms that describe God as a refuge and protector in the context of enemies, oppression, or danger, emphasizing both emotional dependence and divine justice
Selected rank=5
Rows returned=4
RAW: 'A'
RAW: 'X'
RAW: 'X'
RAW: 'A'
RAW: 'X'
RAW: 'A'
Wins: {'A': 1, 'B': 1, 'C': 2, 'D': 2}
Ranking: ['C', 'D', 'A', 'B']
Saved results_scored.csv
              Method  Rank
81    TF-IDF + GloVe     2
86              BERT     2
92             SBERT     2
96            TF-IDF     2
1066  TF-IDF + GloVe     2
1071            BERT     2
1077           SBERT     2
1081          TF-IDF     2
Selected query=mercy
Selected rank=2
Rows returned=4
RAW: 'X'
RAW: 'B'
RAW: 'B'
RAW: 'A'
RAW: 'B'
RAW: 'B'
Wins: {'A': 2, 'B': 1, 'C': 2, 'D': 1}
Ranking: ['A', 'C', 'B', 'D']
Saved results_scored.csv
              Method  Rank
694   TF-IDF + GloVe     5
699             BERT     5
701            SBERT     5
709           TF-IDF     5
1679  TF-IDF + GloVe     5
1684            BERT     5
1686           SBERT     5
1694          TF-IDF     5
Selected query=Psalms describing God as a refuge and protector during times of danger, oppression, or attack
Selected rank=5
Rows returned=4
RAW: 'A'
RAW: 'X'
RAW: 'X'
RAW: 'X'
RAW: 'X'
RAW: 'X'
Wins: {'A': 2, 'B': 0, 'C': 2, 'D': 2}
Ranking: ['A', 'C', 'D', 'B']
Saved results_scored.csv
              Method  Rank
790   TF-IDF + GloVe     1
795             BERT     1
800            SBERT     1
805           TF-IDF     1
1775  TF-IDF + GloVe     1
1780            BERT     1
1785           SBERT     1
1790          TF-IDF     1
Selected query=Have Mercy on me
Selected rank=1
Rows returned=4
RAW: 'X'
RAW: 'A'
RAW: 'X'
RAW: 'X'
RAW: 'X'
RAW: 'X'
Wins: {'A': 0, 'B': 1, 'C': 3, 'D': 2}
Ranking: ['C', 'D', 'B', 'A']
Saved results_scored.csv
              Method  Rank
470   TF-IDF + GloVe     1
475             BERT     1
482            SBERT     1
485           TF-IDF     1
1455  TF-IDF + GloVe     1
1460            BERT     1
1467           SBERT     1
1470          TF-IDF     1
Selected query=“Compare psalms that emphasize divine wrath versus psalms that emphasize divine mercy and forgiveness”
Selected rank=1
Rows returned=4
RAW: 'X'
RAW: 'A'
RAW: 'X'
RAW: 'X'
RAW: 'A'
RAW: 'A'
Wins: {'A': 2, 'B': 2, 'C': 1, 'D': 1}
Ranking: ['A', 'B', 'C', 'D']
Saved results_scored.csv
              Method  Rank
510   TF-IDF + GloVe     1
515             BERT     1
522            SBERT     1
525           TF-IDF     1
1495  TF-IDF + GloVe     1
1500            BERT     1
1507           SBERT     1
1510          TF-IDF     1
Selected query=Find psalms describing repentance after sin, especially where the psalmist acknowledges guilt and asks for inner spiritual cleansing
Selected rank=1
Rows returned=4
RAW: 'A'
RAW: 'A'
RAW: 'X'
RAW: 'X'
RAW: 'A'
RAW: 'A'
Wins: {'A': 2, 'B': 2, 'C': 2, 'D': 0}
Ranking: ['A', 'B', 'C', 'D']
Saved results_scored.csv
              Method  Rank
390   TF-IDF + GloVe     1
395             BERT     1
400            SBERT     1
405           TF-IDF     1
1375  TF-IDF + GloVe     1
1380            BERT     1
1385           SBERT     1
1390          TF-IDF     1
Selected query=Transgression
Selected rank=1
Rows returned=4
RAW: 'X'
RAW: 'A'
RAW: 'X'
RAW: 'B'
RAW: 'X'
RAW: 'X'
Wins: {'A': 2, 'B': 3, 'C': 0, 'D': 1}
Ranking: ['B', 'A', 'D', 'C']
Saved results_scored.csv
    Method  Rank
853   BERT     4
858  SBERT     4
Selected query=Deliverance 
Selected rank=4
Rows returned=2
RAW: 'X'
Wins: {'A': 0, 'B': 1}
Ranking: ['B', 'A']
Saved results_scored.csv
              Method  Rank
811   TF-IDF + GloVe     2
816             BERT     2
824            SBERT     2
826           TF-IDF     2
1796  TF-IDF + GloVe     2
1801            BERT     2
1809           SBERT     2
1811          TF-IDF     2
Selected query=God with with us
Selected rank=2
Rows returned=4
RAW: 'X'
RAW: 'X'
RAW: 'X'
RAW: 'X'
RAW: 'A'
RAW: 'A'
Wins: {'A': 1, 'B': 0, 'C': 2, 'D': 3}
Ranking: ['D', 'C', 'A', 'B']
Saved results_scored.csv
              Method  Rank
40    TF-IDF + GloVe     1
45              BERT     1
51             SBERT     1
55            TF-IDF     1
1025  TF-IDF + GloVe     1
1030            BERT     1
1036           SBERT     1
1040          TF-IDF     1
Selected query=Have mercy on me, O God, have mercy on me. For my soul trusts in Thee, and in the shadow of Thy wings will I hope, until iniquity pass away.
Selected rank=1
Rows returned=4
RAW: 'X'
RAW: 'A'
RAW: 'X'
RAW: 'X'
RAW: 'A'
RAW: 'A'
Wins: {'A': 0, 'B': 1, 'C': 2, 'D': 3}
Ranking: ['D', 'C', 'B', 'A']
Saved results_scored.csv
              Method  Rank
712   TF-IDF + GloVe     3
717             BERT     3
722            SBERT     3
727           TF-IDF     3
1697  TF-IDF + GloVe     3
1702            BERT     3
1707           SBERT     3
1712          TF-IDF     3
Selected query=Attend to my supplication
Selected rank=3
Rows returned=4
RAW: 'X'
RAW: 'A'
RAW: 'B'
RAW: 'A'
RAW: 'X'
RAW: 'A'
Wins: {'A': 1, 'B': 3, 'C': 1, 'D': 1}
Ranking: ['B', 'A', 'C', 'D']
Saved results_scored.csv
              Method  Rank
713   TF-IDF + GloVe     4
718             BERT     4
724            SBERT     4
728           TF-IDF     4
1698  TF-IDF + GloVe     4
1703            BERT     4
1709           SBERT     4
1713          TF-IDF     4
Selected query=Attend to my supplication
Selected rank=4
Rows returned=4
RAW: 'B'
RAW: 'A'
RAW: 'B'
RAW: 'A'
RAW: 'X'
RAW: 'A'
Wins: {'A': 1, 'B': 1, 'C': 2, 'D': 2}
Ranking: ['C', 'D', 'A', 'B']
Saved results_scored.csv
              Method  Rank
242   TF-IDF + GloVe     3
247             BERT     3
251            SBERT     3
257           TF-IDF     3
1227  TF-IDF + GloVe     3
1232            BERT     3
1236           SBERT     3
1242          TF-IDF     3
Selected query=O Lord God of my salvation, I have cried day and night before thee: let my prayer come before thee: incline thine ear unto my cry.
Selected rank=3
Rows returned=4
RAW: 'A'
RAW: 'A'
RAW: 'X'
RAW: 'X'
RAW: 'A'
RAW: 'X'
Wins: {'A': 3, 'B': 0, 'C': 1, 'D': 2}
Ranking: ['A', 'D', 'C', 'B']
Saved results_scored.csv
              Method  Rank
282   TF-IDF + GloVe     3
287             BERT     3
293            SBERT     3
297           TF-IDF     3
1267  TF-IDF + GloVe     3
1272            BERT     3
1278           SBERT     3
1282          TF-IDF     3
Selected query=When the stone had been sealed by the Jews; while the soldiers were guarding Thy most pure Body; Thou didst rise on the third day, O Savior, granting life to the world. The powers of heaven therefore cried to Thee, O Giver of Life: Glory to Thy Resurrection, O Christ! Glory to Thy Kingdom! Glory to Thy dispensation, O Thou who lovest mankind.
Selected rank=3
Rows returned=4
RAW: 'A'
RAW: 'A'
RAW: 'X'
RAW: 'A'
RAW: 'A'
RAW: 'A'
Wins: {'A': 2, 'B': 3, 'C': 0, 'D': 1}
Ranking: ['B', 'A', 'D', 'C']
Saved results_scored.csv
              Method  Rank
751   TF-IDF + GloVe     2
756             BERT     2
762            SBERT     2
766           TF-IDF     2
1736  TF-IDF + GloVe     2
1741            BERT     2
1747           SBERT     2
1751          TF-IDF     2
Selected query=For His mercy endureth forever
Selected rank=2
Rows returned=4
RAW: 'X'
RAW: 'A'
RAW: 'X'
RAW: 'A'
RAW: 'X'
RAW: 'B'
Wins: {'A': 2, 'B': 0, 'C': 2, 'D': 2}
Ranking: ['A', 'C', 'D', 'B']
Saved results_scored.csv
              Method  Rank
653   TF-IDF + GloVe     4
658             BERT     4
664            SBERT     4
668           TF-IDF     4
1638  TF-IDF + GloVe     4
1643            BERT     4
1649           SBERT     4
1653          TF-IDF     4
Selected query=Identify psalms that combine themes of suffering, injustice, and confusion about God’s presence, yet still conclude with declarations of hope, faith, or trust in divine deliverance
Selected rank=4
Rows returned=4
RAW: 'A'
RAW: 'X'
RAW: 'X'
RAW: 'A'
RAW: 'A'
RAW: 'X'
Wins: {'A': 2, 'B': 2, 'C': 0, 'D': 2}
Ranking: ['A', 'B', 'D', 'C']
Saved results_scored.csv
              Method  Rank
593   TF-IDF + GloVe     4
598             BERT     4
604            SBERT     4
608           TF-IDF     4
1578  TF-IDF + GloVe     4
1583            BERT     4
1589           SBERT     4
1593          TF-IDF     4
Selected query=Find psalms that describe God as a refuge and protector in the context of enemies, oppression, or danger, emphasizing both emotional dependence and divine justice
Selected rank=4
Rows returned=4
RAW: 'A'
RAW: 'A'
RAW: 'X'
RAW: 'A'
RAW: 'X'
RAW: 'A'
Wins: {'A': 1, 'B': 2, 'C': 2, 'D': 1}
Ranking: ['B', 'C', 'A', 'D']
Saved results_scored.csv
              Method  Rank
359   TF-IDF + GloVe     5
364             BERT     5
367            SBERT     5
374           TF-IDF     5
1344  TF-IDF + GloVe     5
1349            BERT     5
1352           SBERT     5
1359          TF-IDF     5
Selected query=Love
Selected rank=5
Rows returned=4
RAW: 'X'
RAW: 'X'
RAW: 'X'
RAW: 'A'
RAW: 'B'
RAW: 'X'
Wins: {'A': 2, 'B': 0, 'C': 2, 'D': 2}
Ranking: ['A', 'C', 'D', 'B']
Saved results_scored.csv
              Method  Rank
693   TF-IDF + GloVe     4
698             BERT     4
704            SBERT     4
708           TF-IDF     4
1678  TF-IDF + GloVe     4
1683            BERT     4
1689           SBERT     4
1693          TF-IDF     4
Selected query=Psalms describing God as a refuge and protector during times of danger, oppression, or attack
Selected rank=4
Rows returned=4
RAW: 'X'
RAW: 'B'
RAW: 'X'
RAW: 'X'
RAW: 'B'
RAW: 'X'
Wins: {'A': 0, 'B': 1, 'C': 3, 'D': 2}
Ranking: ['C', 'D', 'B', 'A']
Saved results_scored.csv
      Method  Rank
340     BERT     1
345    SBERT     1
350   TF-IDF     1
351   TF-IDF     1
352   TF-IDF     1
353   TF-IDF     1
354   TF-IDF     1
1325    BERT     1
1330   SBERT     1
1335  TF-IDF     1
1336  TF-IDF     1
1337  TF-IDF     1
1338  TF-IDF     1
1339  TF-IDF     1
Selected query=Forgivness
Selected rank=1
Rows returned=3
RAW: 'X'
RAW: 'X'
RAW: 'B'
Wins: {'A': 1, 'B': 0, 'C': 2}
Ranking: ['C', 'A', 'B']
Saved results_scored.csv
              Method  Rank
184   TF-IDF + GloVe     5
189             BERT     5
191            SBERT     5
1169  TF-IDF + GloVe     5
1174            BERT     5
1176           SBERT     5
Selected query=The Lord is my shepherd
Selected rank=5
Rows returned=3
RAW: 'B'
RAW: 'X'
RAW: 'X'
Wins: {'A': 2, 'B': 0, 'C': 1}
Ranking: ['A', 'C', 'B']
Saved results_scored.csv
              Method  Rank
42    TF-IDF + GloVe     3
47              BERT     3
53             SBERT     3
57            TF-IDF     3
1027  TF-IDF + GloVe     3
1032            BERT     3
1038           SBERT     3
1042          TF-IDF     3
Selected query=Have mercy on me, O God, have mercy on me. For my soul trusts in Thee, and in the shadow of Thy wings will I hope, until iniquity pass away.
Selected rank=3
Rows returned=4
RAW: 'A'
RAW: 'X'
RAW: 'A'
RAW: 'A'
RAW: 'A'
RAW: 'X'
Wins: {'A': 2, 'B': 2, 'C': 0, 'D': 2}
Ranking: ['A', 'B', 'D', 'C']
Saved results_scored.csv
              Method  Rank
101   TF-IDF + GloVe     2
106             BERT     2
110            SBERT     2
116           TF-IDF     2
1086  TF-IDF + GloVe     2
1091            BERT     2
1095           SBERT     2
1101          TF-IDF     2
Selected query=praise in times of suffering
Selected rank=2
Rows returned=4
RAW: 'B'
RAW: 'X'
RAW: 'A'
RAW: 'X'
RAW: 'X'
RAW: 'B'
Wins: {'A': 0, 'B': 2, 'C': 1, 'D': 3}
Ranking: ['D', 'B', 'C', 'A']
Saved results_scored.csv
              Method  Rank
320   TF-IDF + GloVe     1
325             BERT     1
331            SBERT     1
335           TF-IDF     1
1305  TF-IDF + GloVe     1
1310            BERT     1
1316           SBERT     1
1320          TF-IDF     1
Selected query=Be thou exalted, O bridegroom, like unto Abrahaml and be thou blessed, like unto isaac; and do thou multiply like unto Joseph, walking in peace, and keeping the comandments of God in righteousness
Selected rank=1
Rows returned=4
RAW: 'A'
RAW: 'X'
RAW: 'X'
RAW: 'A'
RAW: 'A'
RAW: 'A'
Wins: {'A': 1, 'B': 1, 'C': 2, 'D': 2}
Ranking: ['C', 'D', 'A', 'B']
Saved results_scored.csv
              Method  Rank
831   TF-IDF + GloVe     2
836             BERT     2
842            SBERT     2
846           TF-IDF     2
1816  TF-IDF + GloVe     2
1821            BERT     2
1827           SBERT     2
1831          TF-IDF     2
Selected query=The Lord is my helper; I will not fear what man shall do unto me.
Selected rank=2
Rows returned=4
RAW: 'B'
RAW: 'A'
RAW: 'X'
RAW: 'A'
RAW: 'X'
RAW: 'X'
Wins: {'A': 1, 'B': 2, 'C': 3, 'D': 0}
Ranking: ['C', 'B', 'A', 'D']
Saved results_scored.csv
              Method  Rank
1     TF-IDF + GloVe     2
6               BERT     2
14             SBERT     2
16            TF-IDF     2
986   TF-IDF + GloVe     2
991             BERT     2
999            SBERT     2
1001          TF-IDF     2
Selected query=Create in me a clean heart
Selected rank=2
Rows returned=4
RAW: 'X'
RAW: 'B'
RAW: 'X'
RAW: 'X'
RAW: 'X'
RAW: 'X'
Wins: {'A': 2, 'B': 1, 'C': 1, 'D': 2}
Ranking: ['A', 'D', 'B', 'C']
Saved results_scored.csv
              Method  Rank
512   TF-IDF + GloVe     3
517             BERT     3
520            SBERT     3
527           TF-IDF     3
1497  TF-IDF + GloVe     3
1502            BERT     3
1505           SBERT     3
1512          TF-IDF     3
Selected query=Find psalms describing repentance after sin, especially where the psalmist acknowledges guilt and asks for inner spiritual cleansing
Selected rank=3
Rows returned=4
RAW: 'X'
RAW: 'X'
RAW: 'X'
RAW: 'A'
RAW: 'A'
RAW: 'X'
Wins: {'A': 1, 'B': 2, 'C': 1, 'D': 2}
Ranking: ['B', 'D', 'A', 'C']
Saved results_scored.csv
     Method  Rank
344    BERT     5
1329   BERT     5
Selected query=Forgivness
Selected rank=5
Rows returned=1
Wins: {'A': 0}
Ranking: ['A']
Saved results_scored.csv
     Method  Rank
379    BERT     5
1364   BERT     5
Selected query=Belief 
Selected rank=5
Rows returned=1
Wins: {'A': 0}
Ranking: ['A']
Saved results_scored.csv
     Method  Rank
376    BERT     2
384   SBERT     2
1361   BERT     2
1369  SBERT     2
Selected query=Belief 
Selected rank=2
Rows returned=2
RAW: 'X'
Wins: {'A': 1, 'B': 0}
Ranking: ['A', 'B']
Saved results_scored.csv
              Method  Rank
531   TF-IDF + GloVe     2
536             BERT     2
543            SBERT     2
546           TF-IDF     2
1516  TF-IDF + GloVe     2
1521            BERT     2
1528           SBERT     2
1531          TF-IDF     2
Selected query=“Find psalms that include both crying out for help and later declaring confidence in God’s justice”
Selected rank=2
Rows returned=4
RAW: 'X'
RAW: 'X'
RAW: 'X'
RAW: 'X'
RAW: 'X'
RAW: 'A'
Wins: {'A': 2, 'B': 0, 'C': 1, 'D': 3}
Ranking: ['D', 'A', 'C', 'B']
Saved results_scored.csv
              Method  Rank
221   TF-IDF + GloVe     2
226             BERT     2
233            SBERT     2
236           TF-IDF     2
1206  TF-IDF + GloVe     2
1211            BERT     2
1218           SBERT     2
1221          TF-IDF     2
Selected query=Lord, now lettest thou thy servant depart in peace, according to thy word: for mine eyes have seen thy salvation, which thou hast prepared before the face of all people; a light to lighten the Gentiles, and the glory of thy people Isreal. 
Selected rank=2
Rows returned=4
RAW: 'X'
RAW: 'A'
RAW: 'A'
RAW: 'A'
RAW: 'X'
RAW: 'A'
Wins: {'A': 1, 'B': 1, 'C': 3, 'D': 1}
Ranking: ['C', 'A', 'B', 'D']
Saved results_scored.csv
              Method  Rank
100   TF-IDF + GloVe     1
105             BERT     1
111            SBERT     1
115           TF-IDF     1
1085  TF-IDF + GloVe     1
1090            BERT     1
1096           SBERT     1
1100          TF-IDF     1
Selected query=praise in times of suffering
Selected rank=1
Rows returned=4
RAW: 'X'
RAW: 'X'
RAW: 'X'
RAW: 'X'
RAW: 'B'
RAW: 'X'
Wins: {'A': 1, 'B': 2, 'C': 0, 'D': 3}
Ranking: ['D', 'B', 'A', 'C']
Saved results_scored.csv
     Method  Rank
851    BERT     2
859   SBERT     2
1836   BERT     2
Selected query=Deliverance 
Selected rank=2
Rows returned=2
RAW: 'X'
Wins: {'A': 1, 'B': 0}
Ranking: ['A', 'B']
Saved results_scored.csv
              Method  Rank
553   TF-IDF + GloVe     4
558             BERT     4
561            SBERT     4
568           TF-IDF     4
1538  TF-IDF + GloVe     4
1543            BERT     4
1546           SBERT     4
1553          TF-IDF     4
Selected query=“Psalms that express deep lament and trust in God simultaneously during periods of persecution and feeling abandoned”
Selected rank=4
Rows returned=4
RAW: 'X'
RAW: 'A'
RAW: 'X'
RAW: 'X'
RAW: 'X'
RAW: 'A'
Wins: {'A': 0, 'B': 3, 'C': 1, 'D': 2}
Ranking: ['B', 'D', 'C', 'A']
Saved results_scored.csv
              Method  Rank
492   TF-IDF + GloVe     3
497             BERT     3
500            SBERT     3
507           TF-IDF     3
1477  TF-IDF + GloVe     3
1482            BERT     3
1485           SBERT     3
1492          TF-IDF     3
Selected query=Psalms containing repeated rhetorical questions directed at God during moments of suffering
Selected rank=3
Rows returned=4
RAW: 'X'
RAW: 'B'
RAW: 'X'
RAW: 'A'
RAW: 'B'
RAW: 'X'
Wins: {'A': 2, 'B': 1, 'C': 3, 'D': 0}
Ranking: ['C', 'A', 'B', 'D']
Saved results_scored.csv
              Method  Rank
303   TF-IDF + GloVe     4
308             BERT     4
312            SBERT     4
318           TF-IDF     4
1288  TF-IDF + GloVe     4
1293            BERT     4
1297           SBERT     4
1303          TF-IDF     4
Selected query=The Choir of the Saints have found the fountain of life and the door of pardice. May I also find the right way through repentence, I am a lost sheep. Call me, O Savior, and save me. 
Selected rank=4
Rows returned=4
RAW: 'A'
RAW: 'A'
RAW: 'A'
RAW: 'A'
RAW: 'X'
RAW: 'A'
Wins: {'A': 2, 'B': 2, 'C': 2, 'D': 0}
Ranking: ['A', 'B', 'C', 'D']
Saved results_scored.csv
              Method  Rank
183   TF-IDF + GloVe     4
188             BERT     4
190            SBERT     4
198           TF-IDF     4
199           TF-IDF     4
1168  TF-IDF + GloVe     4
1173            BERT     4
1175           SBERT     4
1183          TF-IDF     4
1184          TF-IDF     4
Selected query=The Lord is my shepherd
Selected rank=4
Rows returned=4
RAW: 'X'
RAW: 'X'
RAW: 'X'
RAW: 'A'
RAW: 'X'
RAW: 'A'
Wins: {'A': 0, 'B': 1, 'C': 3, 'D': 2}
Ranking: ['C', 'D', 'B', 'A']
Saved results_scored.csv
              Method  Rank
474   TF-IDF + GloVe     5
479             BERT     5
481            SBERT     5
489           TF-IDF     5
1459  TF-IDF + GloVe     5
1464            BERT     5
1466           SBERT     5
1474          TF-IDF     5
Selected query=“Compare psalms that emphasize divine wrath versus psalms that emphasize divine mercy and forgiveness”
Selected rank=5
Rows returned=4
RAW: 'A'
RAW: 'A'
RAW: 'A'
RAW: 'X'
RAW: 'B'
RAW: 'X'
Wins: {'A': 1, 'B': 2, 'C': 2, 'D': 1}
Ranking: ['B', 'C', 'A', 'D']
Saved results_scored.csv
              Method  Rank
223   TF-IDF + GloVe     4
228             BERT     4
231            SBERT     4
238           TF-IDF     4
1208  TF-IDF + GloVe     4
1213            BERT     4
1216           SBERT     4
1223          TF-IDF     4
Selected query=Lord, now lettest thou thy servant depart in peace, according to thy word: for mine eyes have seen thy salvation, which thou hast prepared before the face of all people; a light to lighten the Gentiles, and the glory of thy people Isreal. 
Selected rank=4
Rows returned=4
RAW: 'A'
RAW: 'X'
RAW: 'X'
RAW: 'X'
RAW: 'A'
RAW: 'X'
Wins: {'A': 2, 'B': 1, 'C': 3, 'D': 0}
Ranking: ['C', 'A', 'B', 'D']
Saved results_scored.csv
              Method  Rank
391   TF-IDF + GloVe     2
396             BERT     2
404            SBERT     2
406           TF-IDF     2
1376  TF-IDF + GloVe     2
1381            BERT     2
1389           SBERT     2
1391          TF-IDF     2
Selected query=Transgression
Selected rank=2
Rows returned=4
RAW: 'A'
RAW: 'X'
RAW: 'X'
RAW: 'X'
RAW: 'B'
RAW: 'A'
Wins: {'A': 1, 'B': 1, 'C': 1, 'D': 3}
Ranking: ['D', 'A', 'B', 'C']
Saved results_scored.csv
              Method  Rank
413   TF-IDF + GloVe     4
418             BERT     4
420            SBERT     4
428           TF-IDF     4
1398  TF-IDF + GloVe     4
1403            BERT     4
1405           SBERT     4
1413          TF-IDF     4
Selected query=Love for Mankind
Selected rank=4
Rows returned=4
RAW: 'X'
RAW: 'A'
RAW: 'X'
RAW: 'A'
RAW: 'A'
RAW: 'B'
Wins: {'A': 0, 'B': 3, 'C': 2, 'D': 1}
Ranking: ['B', 'C', 'D', 'A']
Saved results_scored.csv
              Method  Rank
203   TF-IDF + GloVe     4
208             BERT     4
214            SBERT     4
218           TF-IDF     4
1188  TF-IDF + GloVe     4
1193            BERT     4
1199           SBERT     4
1203          TF-IDF     4
Selected query=Verses where the psalmist remembers past deliverance and uses it to find hope in present trials.
Selected rank=4
Rows returned=4
RAW: 'X'
RAW: 'X'
RAW: 'X'
RAW: 'A'
RAW: 'X'
RAW: 'A'
Wins: {'A': 2, 'B': 0, 'C': 1, 'D': 3}
Ranking: ['D', 'A', 'C', 'B']
Saved results_scored.csv
              Method  Rank
731   TF-IDF + GloVe     2
736             BERT     2
742            SBERT     2
746           TF-IDF     2
1716  TF-IDF + GloVe     2
1721            BERT     2
1727           SBERT     2
1731          TF-IDF     2
Selected query=Harken unto my prayer
Selected rank=2
Rows returned=4
RAW: 'A'
RAW: 'A'
RAW: 'A'
RAW: 'X'
RAW: 'A'
RAW: 'A'
Wins: {'A': 2, 'B': 1, 'C': 1, 'D': 2}
Ranking: ['A', 'D', 'B', 'C']
Saved results_scored.csv
              Method  Rank
243   TF-IDF + GloVe     4
248             BERT     4
254            SBERT     4
258           TF-IDF     4
1228  TF-IDF + GloVe     4
1233            BERT     4
1239           SBERT     4
1243          TF-IDF     4
Selected query=O Lord God of my salvation, I have cried day and night before thee: let my prayer come before thee: incline thine ear unto my cry.
Selected rank=4
Rows returned=4
RAW: 'A'
RAW: 'A'
RAW: 'X'
RAW: 'X'
RAW: 'X'
RAW: 'X'
Wins: {'A': 0, 'B': 2, 'C': 3, 'D': 1}
Ranking: ['C', 'B', 'D', 'A']
Saved results_scored.csv
              Method  Rank
570   TF-IDF + GloVe     1
575             BERT     1
583            SBERT     1
585           TF-IDF     1
1555  TF-IDF + GloVe     1
1560            BERT     1
1568           SBERT     1
1570          TF-IDF     1
Selected query=Psalms that express a transition from deep personal lament and feelings of abandonment to renewed trust and praise, especially where the emotional shift is explicit within the same psalm
Selected rank=1
Rows returned=4
RAW: 'X'
RAW: 'A'
RAW: 'A'
RAW: 'X'
RAW: 'X'
RAW: 'X'
Wins: {'A': 2, 'B': 3, 'C': 1, 'D': 0}
Ranking: ['B', 'A', 'C', 'D']
Saved results_scored.csv
              Method  Rank
454   TF-IDF + GloVe     5
461            SBERT     5
469           TF-IDF     5
1439  TF-IDF + GloVe     5
1446           SBERT     5
1454          TF-IDF     5
Selected query=“Which psalms use parallelism heavily to emphasize moral contrast between the righteous and the wicked?”
Selected rank=5
Rows returned=3
RAW: 'A'
RAW: 'A'
RAW: 'X'
Wins: {'A': 2, 'B': 1, 'C': 0}
Ranking: ['A', 'B', 'C']
Saved results_scored.csv
              Method  Rank
121   TF-IDF + GloVe     2
126             BERT     2
132            SBERT     2
136           TF-IDF     2
1106  TF-IDF + GloVe     2
1111            BERT     2
1117           SBERT     2
1121          TF-IDF     2
Selected query=prayer
Selected rank=2
Rows returned=4
RAW: 'X'
RAW: 'X'
RAW: 'X'
RAW: 'X'
RAW: 'X'
RAW: 'X'
Wins: {'A': 1, 'B': 1, 'C': 1, 'D': 3}
Ranking: ['D', 'A', 'B', 'C']
Saved results_scored.csv
              Method  Rank
240   TF-IDF + GloVe     1
245             BERT     1
253            SBERT     1
255           TF-IDF     1
1225  TF-IDF + GloVe     1
1230            BERT     1
1238           SBERT     1
1240          TF-IDF     1
Selected query=O Lord God of my salvation, I have cried day and night before thee: let my prayer come before thee: incline thine ear unto my cry.
Selected rank=1
Rows returned=4
RAW: 'X'
RAW: 'A'
RAW: 'A'
RAW: 'X'
RAW: 'A'
RAW: 'A'
Wins: {'A': 1, 'B': 1, 'C': 3, 'D': 1}
Ranking: ['C', 'A', 'B', 'D']
Saved results_scored.csv
              Method  Rank
284   TF-IDF + GloVe     5
289             BERT     5
290            SBERT     5
299           TF-IDF     5
1269  TF-IDF + GloVe     5
1274            BERT     5
1275           SBERT     5
1284          TF-IDF     5
Selected query=When the stone had been sealed by the Jews; while the soldiers were guarding Thy most pure Body; Thou didst rise on the third day, O Savior, granting life to the world. The powers of heaven therefore cried to Thee, O Giver of Life: Glory to Thy Resurrection, O Christ! Glory to Thy Kingdom! Glory to Thy dispensation, O Thou who lovest mankind.
Selected rank=5
Rows returned=4
RAW: 'A'
RAW: 'X'
RAW: 'X'
RAW: 'X'
RAW: 'A'
RAW: 'A'
Wins: {'A': 3, 'B': 1, 'C': 1, 'D': 1}
Ranking: ['A', 'B', 'C', 'D']
Saved results_scored.csv
     Method  Rank
342    BERT     3
349   SBERT     3
1327   BERT     3
1334  SBERT     3
Selected query=Forgivness
Selected rank=3
Rows returned=2
RAW: 'X'
Wins: {'A': 0, 'B': 1}
Ranking: ['B', 'A']
Saved results_scored.csv
              Method  Rank
202   TF-IDF + GloVe     3
207             BERT     3
211            SBERT     3
217           TF-IDF     3
1187  TF-IDF + GloVe     3
1192            BERT     3
1196           SBERT     3
1202          TF-IDF     3
Selected query=Verses where the psalmist remembers past deliverance and uses it to find hope in present trials.
Selected rank=3
Rows returned=4
RAW: 'X'
RAW: 'X'
RAW: 'B'
RAW: 'A'
RAW: 'X'
RAW: 'X'
Wins: {'A': 3, 'B': 1, 'C': 1, 'D': 1}
Ranking: ['A', 'B', 'C', 'D']
Saved results_scored.csv
              Method  Rank
574   TF-IDF + GloVe     5
579             BERT     5
580            SBERT     5
589           TF-IDF     5
1559  TF-IDF + GloVe     5
1564            BERT     5
1565           SBERT     5
1574          TF-IDF     5
Selected query=Psalms that express a transition from deep personal lament and feelings of abandonment to renewed trust and praise, especially where the emotional shift is explicit within the same psalm
Selected rank=5
Rows returned=4
RAW: 'X'
RAW: 'X'
RAW: 'X'
RAW: 'X'
RAW: 'X'
RAW: 'A'
Wins: {'A': 1, 'B': 2, 'C': 1, 'D': 2}
Ranking: ['B', 'D', 'A', 'C']
Saved results_scored.csv
              Method  Rank
593   TF-IDF + GloVe     4
598             BERT     4
604            SBERT     4
608           TF-IDF     4
1578  TF-IDF + GloVe     4
1583            BERT     4
1589           SBERT     4
1593          TF-IDF     4
Selected query=Find psalms that describe God as a refuge and protector in the context of enemies, oppression, or danger, emphasizing both emotional dependence and divine justice
Selected rank=4
Rows returned=4
RAW: 'A'
RAW: 'A'
RAW: 'A'
RAW: 'A'
RAW: 'X'
RAW: 'X'
Wins: {'A': 0, 'B': 3, 'C': 1, 'D': 2}
Ranking: ['B', 'D', 'C', 'A']
Saved results_scored.csv
              Method  Rank
284   TF-IDF + GloVe     5
289             BERT     5
290            SBERT     5
299           TF-IDF     5
1269  TF-IDF + GloVe     5
1274            BERT     5
1275           SBERT     5
1284          TF-IDF     5
Selected query=When the stone had been sealed by the Jews; while the soldiers were guarding Thy most pure Body; Thou didst rise on the third day, O Savior, granting life to the world. The powers of heaven therefore cried to Thee, O Giver of Life: Glory to Thy Resurrection, O Christ! Glory to Thy Kingdom! Glory to Thy dispensation, O Thou who lovest mankind.
Selected rank=5
Rows returned=4
RAW: 'X'
RAW: 'X'
RAW: 'A'
RAW: 'X'
RAW: 'X'
RAW: 'X'
Wins: {'A': 1, 'B': 2, 'C': 1, 'D': 2}
Ranking: ['B', 'D', 'A', 'C']
Saved results_scored.csv
              Method  Rank
713   TF-IDF + GloVe     4
718             BERT     4
724            SBERT     4
728           TF-IDF     4
1698  TF-IDF + GloVe     4
1703            BERT     4
1709           SBERT     4
1713          TF-IDF     4
Selected query=Attend to my supplication
Selected rank=4
Rows returned=4
RAW: 'X'
RAW: 'X'
RAW: 'A'
RAW: 'B'
RAW: 'A'
RAW: 'X'
Wins: {'A': 2, 'B': 1, 'C': 3, 'D': 0}
Ranking: ['C', 'A', 'B', 'D']
Saved results_scored.csv
              Method  Rank
752   TF-IDF + GloVe     3
757             BERT     3
764            SBERT     3
767           TF-IDF     3
1737  TF-IDF + GloVe     3
1742            BERT     3
1749           SBERT     3
1752          TF-IDF     3
Selected query=For His mercy endureth forever
Selected rank=3
Rows returned=4
RAW: 'A'
RAW: 'X'
RAW: 'B'
RAW: 'A'
RAW: 'X'
RAW: 'X'
Wins: {'A': 3, 'B': 1, 'C': 0, 'D': 2}
Ranking: ['A', 'D', 'B', 'C']
Saved results_scored.csv
              Method  Rank
713   TF-IDF + GloVe     4
718             BERT     4
724            SBERT     4
728           TF-IDF     4
1698  TF-IDF + GloVe     4
1703            BERT     4
1709           SBERT     4
1713          TF-IDF     4
Selected query=Attend to my supplication
Selected rank=4
Rows returned=4
RAW: 'A'
RAW: 'A'
RAW: 'X'
RAW: 'A'
RAW: 'B'
RAW: 'A'
Wins: {'A': 2, 'B': 1, 'C': 3, 'D': 0}
Ranking: ['C', 'A', 'B', 'D']
Saved results_scored.csv
              Method  Rank
202   TF-IDF + GloVe     3
207             BERT     3
211            SBERT     3
217           TF-IDF     3
1187  TF-IDF + GloVe     3
1192            BERT     3
1196           SBERT     3
1202          TF-IDF     3
Selected query=Verses where the psalmist remembers past deliverance and uses it to find hope in present trials.
Selected rank=3
Rows returned=4
RAW: 'A'
RAW: 'A'
RAW: 'A'
RAW: 'A'
RAW: 'X'
RAW: 'X'
Wins: {'A': 1, 'B': 3, 'C': 1, 'D': 1}
Ranking: ['B', 'A', 'C', 'D']
Saved results_scored.csv
              Method  Rank
833   TF-IDF + GloVe     4
838             BERT     4
844            SBERT     4
848           TF-IDF     4
1818  TF-IDF + GloVe     4
1823            BERT     4
1829           SBERT     4
1833          TF-IDF     4
Selected query=The Lord is my helper; I will not fear what man shall do unto me.
Selected rank=4
Rows returned=4
RAW: 'B'
RAW: 'A'
RAW: 'X'
RAW: 'X'
RAW: 'A'
RAW: 'A'
Wins: {'A': 0, 'B': 2, 'C': 2, 'D': 2}
Ranking: ['B', 'C', 'D', 'A']
Saved results_scored.csv
              Method  Rank
670   TF-IDF + GloVe     1
675             BERT     1
682            SBERT     1
685           TF-IDF     1
1655  TF-IDF + GloVe     1
1660            BERT     1
1667           SBERT     1
1670          TF-IDF     1
Selected query= Psalms that move from lament and despair to praise and renewed trust in God within the same psalm
Selected rank=1
Rows returned=4
RAW: 'A'
RAW: 'X'
RAW: 'X'
RAW: 'X'
RAW: 'X'
RAW: 'X'
Wins: {'A': 2, 'B': 2, 'C': 2, 'D': 0}
Ranking: ['A', 'B', 'C', 'D']
Saved results_scored.csv
              Method  Rank
141   TF-IDF + GloVe     2
146             BERT     2
152            SBERT     2
156           TF-IDF     2
157           TF-IDF     2
158           TF-IDF     2
159           TF-IDF     2
1126  TF-IDF + GloVe     2
1131            BERT     2
1137           SBERT     2
1141          TF-IDF     2
1142          TF-IDF     2
1143          TF-IDF     2
1144          TF-IDF     2
Selected query=protection from enemies
Selected rank=2
Rows returned=4
RAW: 'B'
RAW: 'X'
RAW: 'B'
RAW: 'A'
RAW: 'A'
RAW: 'A'
Wins: {'A': 1, 'B': 2, 'C': 1, 'D': 2}
Ranking: ['B', 'D', 'A', 'C']
Saved results_scored.csv
              Method  Rank
301   TF-IDF + GloVe     2
306             BERT     2
310            SBERT     2
316           TF-IDF     2
1286  TF-IDF + GloVe     2
1291            BERT     2
1295           SBERT     2
1301          TF-IDF     2
Selected query=The Choir of the Saints have found the fountain of life and the door of pardice. May I also find the right way through repentence, I am a lost sheep. Call me, O Savior, and save me. 
Selected rank=2
Rows returned=4
RAW: 'X'
RAW: 'A'
RAW: 'A'
RAW: 'A'
RAW: 'X'
RAW: 'X'
Wins: {'A': 2, 'B': 2, 'C': 1, 'D': 1}
Ranking: ['A', 'B', 'C', 'D']
Saved results_scored.csv
     Method  Rank
344    BERT     5
1329   BERT     5
Selected query=Forgivness
Selected rank=5
Rows returned=1
Wins: {'A': 0}
Ranking: ['A']
Saved results_scored.csv
              Method  Rank
322   TF-IDF + GloVe     3
327             BERT     3
333            SBERT     3
334            SBERT     3
337           TF-IDF     3
1307  TF-IDF + GloVe     3
1312            BERT     3
1318           SBERT     3
1319           SBERT     3
1322          TF-IDF     3
Selected query=Be thou exalted, O bridegroom, like unto Abrahaml and be thou blessed, like unto isaac; and do thou multiply like unto Joseph, walking in peace, and keeping the comandments of God in righteousness
Selected rank=3
Rows returned=4
RAW: 'X'
RAW: 'A'
RAW: 'X'
RAW: 'A'
RAW: 'A'
RAW: 'A'
Wins: {'A': 2, 'B': 3, 'C': 0, 'D': 1}
Ranking: ['B', 'A', 'D', 'C']
Saved results_scored.csv
              Method  Rank
793   TF-IDF + GloVe     4
798             BERT     4
801            SBERT     4
808           TF-IDF     4
1778  TF-IDF + GloVe     4
1783            BERT     4
1786           SBERT     4
1793          TF-IDF     4
Selected query=Have Mercy on me
Selected rank=4
Rows returned=4
RAW: 'B'
RAW: 'A'
RAW: 'B'
RAW: 'A'
RAW: 'A'
RAW: 'B'
Wins: {'A': 2, 'B': 0, 'C': 1, 'D': 3}
Ranking: ['D', 'A', 'C', 'B']
Saved results_scored.csv
              Method  Rank
593   TF-IDF + GloVe     4
598             BERT     4
604            SBERT     4
608           TF-IDF     4
1578  TF-IDF + GloVe     4
1583            BERT     4
1589           SBERT     4
1593          TF-IDF     4
Selected query=Find psalms that describe God as a refuge and protector in the context of enemies, oppression, or danger, emphasizing both emotional dependence and divine justice
Selected rank=4
Rows returned=4
RAW: 'A'
RAW: 'A'
RAW: 'X'
RAW: 'X'
RAW: 'X'
RAW: 'A'
Wins: {'A': 2, 'B': 2, 'C': 1, 'D': 1}
Ranking: ['A', 'B', 'C', 'D']
Saved results_scored.csv
              Method  Rank
200   TF-IDF + GloVe     1
205             BERT     1
213            SBERT     1
215           TF-IDF     1
1185  TF-IDF + GloVe     1
1190            BERT     1
1198           SBERT     1
1200          TF-IDF     1
Selected query=Verses where the psalmist remembers past deliverance and uses it to find hope in present trials.
Selected rank=1
Rows returned=4
RAW: 'X'
RAW: 'X'
RAW: 'X'
RAW: 'A'
RAW: 'X'
RAW: 'X'
Wins: {'A': 0, 'B': 2, 'C': 2, 'D': 2}
Ranking: ['B', 'C', 'D', 'A']
Saved results_scored.csv
              Method  Rank
614   TF-IDF + GloVe     5
619             BERT     5
621            SBERT     5
629           TF-IDF     5
1599  TF-IDF + GloVe     5
1604            BERT     5
1606           SBERT     5
1614          TF-IDF     5
Selected query=Which psalms focus on repentance and moral failure, where the psalmist confesses sin, acknowledges personal guilt, and pleads for inner spiritual renewal and cleansing
Selected rank=5
Rows returned=4
RAW: 'X'
RAW: 'A'
RAW: 'A'
RAW: 'A'
RAW: 'X'
RAW: 'A'
Wins: {'A': 0, 'B': 3, 'C': 1, 'D': 2}
Ranking: ['B', 'D', 'C', 'A']
Saved results_scored.csv
              Method  Rank
204   TF-IDF + GloVe     5
209             BERT     5
210            SBERT     5
219           TF-IDF     5
1189  TF-IDF + GloVe     5
1194            BERT     5
1195           SBERT     5
1204          TF-IDF     5
Selected query=Verses where the psalmist remembers past deliverance and uses it to find hope in present trials.
Selected rank=5
Rows returned=4
RAW: 'A'
RAW: 'A'
RAW: 'X'
RAW: 'B'
RAW: 'A'
RAW: 'A'
Wins: {'A': 2, 'B': 0, 'C': 2, 'D': 2}
Ranking: ['A', 'C', 'D', 'B']
Saved results_scored.csv
              Method  Rank
730   TF-IDF + GloVe     1
735             BERT     1
743            SBERT     1
745           TF-IDF     1
1715  TF-IDF + GloVe     1
1720            BERT     1
1728           SBERT     1
1730          TF-IDF     1
Selected query=Harken unto my prayer
Selected rank=1
Rows returned=4
RAW: 'X'
RAW: 'A'
RAW: 'X'
RAW: 'X'
RAW: 'X'
RAW: 'X'
Wins: {'A': 1, 'B': 1, 'C': 1, 'D': 3}
Ranking: ['D', 'A', 'B', 'C']
Saved results_scored.csv
              Method  Rank
752   TF-IDF + GloVe     3
757             BERT     3
764            SBERT     3
767           TF-IDF     3
1737  TF-IDF + GloVe     3
1742            BERT     3
1749           SBERT     3
1752          TF-IDF     3
Selected query=For His mercy endureth forever
Selected rank=3
Rows returned=4
RAW: 'A'
RAW: 'X'
RAW: 'B'
RAW: 'X'
RAW: 'X'
RAW: 'X'
Wins: {'A': 1, 'B': 2, 'C': 1, 'D': 2}
Ranking: ['B', 'D', 'A', 'C']
Saved results_scored.csv
              Method  Rank
733   TF-IDF + GloVe     4
738             BERT     4
740            SBERT     4
748           TF-IDF     4
1718  TF-IDF + GloVe     4
1723            BERT     4
1725           SBERT     4
1733          TF-IDF     4
Selected query=Harken unto my prayer
Selected rank=4
Rows returned=4
RAW: 'B'
RAW: 'X'
RAW: 'A'
RAW: 'A'
RAW: 'A'
RAW: 'A'
Wins: {'A': 1, 'B': 1, 'C': 1, 'D': 3}
Ranking: ['D', 'A', 'B', 'C']
Saved results_scored.csv
              Method  Rank
632   TF-IDF + GloVe     3
637             BERT     3
640            SBERT     3
647           TF-IDF     3
1617  TF-IDF + GloVe     3
1622            BERT     3
1625           SBERT     3
1632          TF-IDF     3
Selected query=Psalms that reflect on human mortality and the fragility of life in contrast with the eternal nature of God, including meditations on time, death, and divine permanence
Selected rank=3
Rows returned=4
RAW: 'A'
RAW: 'X'
RAW: 'A'
RAW: 'X'
RAW: 'A'
RAW: 'A'
Wins: {'A': 3, 'B': 2, 'C': 1, 'D': 0}
Ranking: ['A', 'B', 'C', 'D']
Saved results_scored.csv
     Method  Rank
852    BERT     3
857   SBERT     3
1837   BERT     3
Selected query=Deliverance 
Selected rank=3
Rows returned=2
RAW: 'A'
Wins: {'A': 1, 'B': 0}
Ranking: ['A', 'B']
Saved results_scored.csv
              Method  Rank
40    TF-IDF + GloVe     1
45              BERT     1
51             SBERT     1
55            TF-IDF     1
1025  TF-IDF + GloVe     1
1030            BERT     1
1036           SBERT     1
1040          TF-IDF     1
Selected query=Have mercy on me, O God, have mercy on me. For my soul trusts in Thee, and in the shadow of Thy wings will I hope, until iniquity pass away.
Selected rank=1
Rows returned=4
RAW: 'A'
RAW: 'A'
RAW: 'X'
RAW: 'A'
RAW: 'X'
RAW: 'A'
Wins: {'A': 3, 'B': 2, 'C': 1, 'D': 0}
Ranking: ['A', 'B', 'C', 'D']
Saved results_scored.csv
              Method  Rank
673   TF-IDF + GloVe     4
678             BERT     4
684            SBERT     4
688           TF-IDF     4
1658  TF-IDF + GloVe     4
1663            BERT     4
1669           SBERT     4
1673          TF-IDF     4
Selected query= Psalms that move from lament and despair to praise and renewed trust in God within the same psalm
Selected rank=4
Rows returned=4
RAW: 'A'
RAW: 'X'
RAW: 'X'
RAW: 'X'
RAW: 'A'
RAW: 'A'
Wins: {'A': 1, 'B': 1, 'C': 2, 'D': 2}
Ranking: ['C', 'D', 'A', 'B']
Saved results_scored.csv
              Method  Rank
24    TF-IDF + GloVe     5
29              BERT     5
30             SBERT     5
39            TF-IDF     5
1009  TF-IDF + GloVe     5
1014            BERT     5
1015           SBERT     5
1024          TF-IDF     5
Selected query=For the Peace of the world
Selected rank=5
Rows returned=4
RAW: 'X'
RAW: 'A'
RAW: 'B'
RAW: 'A'
RAW: 'B'
RAW: 'A'
Wins: {'A': 0, 'B': 2, 'C': 3, 'D': 1}
Ranking: ['C', 'B', 'D', 'A']
Saved results_scored.csv
              Method  Rank
490   TF-IDF + GloVe     1
495             BERT     1
502            SBERT     1
505           TF-IDF     1
1475  TF-IDF + GloVe     1
1480            BERT     1
1487           SBERT     1
1490          TF-IDF     1
Selected query=Psalms containing repeated rhetorical questions directed at God during moments of suffering
Selected rank=1
Rows returned=4
RAW: 'X'
RAW: 'X'
RAW: 'X'
RAW: 'B'
RAW: 'X'
RAW: 'A'
Wins: {'A': 2, 'B': 2, 'C': 1, 'D': 1}
Ranking: ['A', 'B', 'C', 'D']
Saved results_scored.csv
              Method  Rank
224   TF-IDF + GloVe     5
229             BERT     5
230            SBERT     5
239           TF-IDF     5
1209  TF-IDF + GloVe     5
1214            BERT     5
1215           SBERT     5
1224          TF-IDF     5
Selected query=Lord, now lettest thou thy servant depart in peace, according to thy word: for mine eyes have seen thy salvation, which thou hast prepared before the face of all people; a light to lighten the Gentiles, and the glory of thy people Isreal. 
Selected rank=5
Rows returned=4
RAW: 'A'
RAW: 'A'
RAW: 'X'
RAW: 'A'
RAW: 'X'
RAW: 'X'
Wins: {'A': 3, 'B': 0, 'C': 1, 'D': 2}
Ranking: ['A', 'D', 'C', 'B']
Saved results_scored.csv
              Method  Rank
653   TF-IDF + GloVe     4
658             BERT     4
664            SBERT     4
668           TF-IDF     4
1638  TF-IDF + GloVe     4
1643            BERT     4
1649           SBERT     4
1653          TF-IDF     4
Selected query=Identify psalms that combine themes of suffering, injustice, and confusion about God’s presence, yet still conclude with declarations of hope, faith, or trust in divine deliverance
Selected rank=4
Rows returned=4
RAW: 'A'
RAW: 'A'
RAW: 'X'
RAW: 'X'
RAW: 'A'
RAW: 'A'
Wins: {'A': 1, 'B': 2, 'C': 2, 'D': 1}
Ranking: ['B', 'C', 'A', 'D']
Saved results_scored.csv
              Method  Rank
283   TF-IDF + GloVe     4
288             BERT     4
291            SBERT     4
298           TF-IDF     4
1268  TF-IDF + GloVe     4
1273            BERT     4
1276           SBERT     4
1283          TF-IDF     4
Selected query=When the stone had been sealed by the Jews; while the soldiers were guarding Thy most pure Body; Thou didst rise on the third day, O Savior, granting life to the world. The powers of heaven therefore cried to Thee, O Giver of Life: Glory to Thy Resurrection, O Christ! Glory to Thy Kingdom! Glory to Thy dispensation, O Thou who lovest mankind.
Selected rank=4
Rows returned=4
RAW: 'X'
RAW: 'X'
RAW: 'X'
RAW: 'A'
RAW: 'X'
RAW: 'A'
Wins: {'A': 1, 'B': 2, 'C': 2, 'D': 1}
Ranking: ['B', 'C', 'A', 'D']
Saved results_scored.csv
              Method  Rank
262   TF-IDF + GloVe     3
267             BERT     3
272            SBERT     3
277           TF-IDF     3
1247  TF-IDF + GloVe     3
1252            BERT     3
1257           SBERT     3
1262          TF-IDF     3
Selected query=God is the Lord, which has shewed us light. Blessed is he that cometh in the name of the Lord
Selected rank=3
Rows returned=4
RAW: 'X'
RAW: 'X'
RAW: 'X'
RAW: 'X'
RAW: 'X'
RAW: 'A'
Wins: {'A': 2, 'B': 0, 'C': 3, 'D': 1}
Ranking: ['C', 'A', 'D', 'B']
Saved results_scored.csv
              Method  Rank
322   TF-IDF + GloVe     3
327             BERT     3
333            SBERT     3
334            SBERT     3
337           TF-IDF     3
1307  TF-IDF + GloVe     3
1312            BERT     3
1318           SBERT     3
1319           SBERT     3
1322          TF-IDF     3
Selected query=Be thou exalted, O bridegroom, like unto Abrahaml and be thou blessed, like unto isaac; and do thou multiply like unto Joseph, walking in peace, and keeping the comandments of God in righteousness
Selected rank=3
Rows returned=4
RAW: 'X'
RAW: 'X'
RAW: 'A'
RAW: 'X'
RAW: 'A'
RAW: 'A'
Wins: {'A': 1, 'B': 1, 'C': 1, 'D': 3}
Ranking: ['D', 'A', 'B', 'C']
Saved results_scored.csv
              Method  Rank
673   TF-IDF + GloVe     4
678             BERT     4
684            SBERT     4
688           TF-IDF     4
1658  TF-IDF + GloVe     4
1663            BERT     4
1669           SBERT     4
1673          TF-IDF     4
Selected query= Psalms that move from lament and despair to praise and renewed trust in God within the same psalm
Selected rank=4
Rows returned=4
RAW: 'X'
RAW: 'A'
RAW: 'A'
RAW: 'X'
RAW: 'A'
RAW: 'A'
Wins: {'A': 1, 'B': 2, 'C': 2, 'D': 1}
Ranking: ['B', 'C', 'A', 'D']
Saved results_scored.csv
              Method  Rank
472   TF-IDF + GloVe     3
477             BERT     3
484            SBERT     3
487           TF-IDF     3
1457  TF-IDF + GloVe     3
1462            BERT     3
1469           SBERT     3
1472          TF-IDF     3
Selected query=“Compare psalms that emphasize divine wrath versus psalms that emphasize divine mercy and forgiveness”
Selected rank=3
Rows returned=4
RAW: 'A'
RAW: 'A'
RAW: 'B'
RAW: 'A'
RAW: 'A'
RAW: 'A'
Wins: {'A': 2, 'B': 2, 'C': 0, 'D': 2}
Ranking: ['A', 'B', 'D', 'C']
Saved results_scored.csv
              Method  Rank
1     TF-IDF + GloVe     2
6               BERT     2
14             SBERT     2
16            TF-IDF     2
986   TF-IDF + GloVe     2
991             BERT     2
999            SBERT     2
1001          TF-IDF     2
Selected query=Create in me a clean heart
Selected rank=2
Rows returned=4
RAW: 'A'
RAW: 'X'
RAW: 'A'
RAW: 'X'
RAW: 'X'
RAW: 'X'
Wins: {'A': 0, 'B': 2, 'C': 3, 'D': 1}
Ranking: ['C', 'B', 'D', 'A']
Saved results_scored.csv
              Method  Rank
204   TF-IDF + GloVe     5
209             BERT     5
210            SBERT     5
219           TF-IDF     5
1189  TF-IDF + GloVe     5
1194            BERT     5
1195           SBERT     5
1204          TF-IDF     5
Selected query=Verses where the psalmist remembers past deliverance and uses it to find hope in present trials.
Selected rank=5
Rows returned=4
RAW: 'X'
RAW: 'A'
RAW: 'X'
RAW: 'B'
RAW: 'X'
RAW: 'A'
Wins: {'A': 0, 'B': 1, 'C': 2, 'D': 3}
Ranking: ['D', 'C', 'B', 'A']
Saved results_scored.csv
              Method  Rank
471   TF-IDF + GloVe     2
476             BERT     2
483            SBERT     2
486           TF-IDF     2
1456  TF-IDF + GloVe     2
1461            BERT     2
1468           SBERT     2
1471          TF-IDF     2
Selected query=“Compare psalms that emphasize divine wrath versus psalms that emphasize divine mercy and forgiveness”
Selected rank=2
Rows returned=4
RAW: 'A'
RAW: 'A'
RAW: 'X'
RAW: 'A'
RAW: 'X'
RAW: 'X'
Wins: {'A': 3, 'B': 1, 'C': 0, 'D': 2}
Ranking: ['A', 'D', 'B', 'C']
Saved results_scored.csv
              Method  Rank
161   TF-IDF + GloVe     2
166             BERT     2
171            SBERT     2
176           TF-IDF     2
1146  TF-IDF + GloVe     2
1151            BERT     2
1156           SBERT     2
1161          TF-IDF     2
Selected query=Rejoice, O ye heavens, sound the trumpets, ye foundation of the earth, thunder forth gladness, O ye mountains: for behold, Emmanuel to the Cross our sins, and the Giver of Life hath slain death, raising up Adam; for He loveth mankind.
Selected rank=2
Rows returned=4
RAW: 'X'
RAW: 'X'
RAW: 'X'
RAW: 'X'
RAW: 'X'
RAW: 'A'
Wins: {'A': 1, 'B': 2, 'C': 3, 'D': 0}
Ranking: ['C', 'B', 'A', 'D']
Saved results_scored.csv
              Method  Rank
240   TF-IDF + GloVe     1
245             BERT     1
253            SBERT     1
255           TF-IDF     1
1225  TF-IDF + GloVe     1
1230            BERT     1
1238           SBERT     1
1240          TF-IDF     1
Selected query=O Lord God of my salvation, I have cried day and night before thee: let my prayer come before thee: incline thine ear unto my cry.
Selected rank=1
Rows returned=4
RAW: 'A'
RAW: 'X'
RAW: 'A'
RAW: 'A'
RAW: 'X'
RAW: 'A'
Wins: {'A': 2, 'B': 1, 'C': 2, 'D': 1}
Ranking: ['A', 'C', 'B', 'D']
Saved results_scored.csv
              Method  Rank
733   TF-IDF + GloVe     4
738             BERT     4
740            SBERT     4
748           TF-IDF     4
1718  TF-IDF + GloVe     4
1723            BERT     4
1725           SBERT     4
1733          TF-IDF     4
Selected query=Harken unto my prayer
Selected rank=4
Rows returned=4
RAW: 'X'
RAW: 'X'
RAW: 'A'
RAW: 'X'
RAW: 'X'
RAW: 'X'
Wins: {'A': 1, 'B': 1, 'C': 2, 'D': 2}
Ranking: ['C', 'D', 'A', 'B']
Saved results_scored.csv
              Method  Rank
4     TF-IDF + GloVe     5
9               BERT     5
12             SBERT     5
19            TF-IDF     5
989   TF-IDF + GloVe     5
994             BERT     5
997            SBERT     5
1004          TF-IDF     5
Selected query=Create in me a clean heart
Selected rank=5
Rows returned=4
RAW: 'X'
RAW: 'A'
RAW: 'X'
RAW: 'X'
RAW: 'A'
RAW: 'A'
Wins: {'A': 1, 'B': 3, 'C': 1, 'D': 1}
Ranking: ['B', 'A', 'C', 'D']
Saved results_scored.csv
              Method  Rank
453   TF-IDF + GloVe     4
458             BERT     4
459             BERT     4
464            SBERT     4
468           TF-IDF     4
1438  TF-IDF + GloVe     4
1443            BERT     4
1444            BERT     4
1449           SBERT     4
1453          TF-IDF     4
Selected query=“Which psalms use parallelism heavily to emphasize moral contrast between the righteous and the wicked?”
Selected rank=4
Rows returned=4
RAW: 'X'
RAW: 'A'
RAW: 'A'
RAW: 'X'
RAW: 'B'
RAW: 'X'
Wins: {'A': 2, 'B': 0, 'C': 2, 'D': 2}
Ranking: ['A', 'C', 'D', 'B']
Saved results_scored.csv
              Method  Rank
61    TF-IDF + GloVe     2
66              BERT     2
73             SBERT     2
76            TF-IDF     2
1046  TF-IDF + GloVe     2
1051            BERT     2
1058           SBERT     2
1061          TF-IDF     2
Selected query=How does the psalmist express trust in God while surrounded by fear and uncertainty?
Selected rank=2
Rows returned=4
RAW: 'B'
RAW: 'A'
RAW: 'X'
RAW: 'X'
RAW: 'X'
RAW: 'A'
Wins: {'A': 1, 'B': 3, 'C': 1, 'D': 1}
Ranking: ['B', 'A', 'C', 'D']
Saved results_scored.csv
              Method  Rank
531   TF-IDF + GloVe     2
536             BERT     2
543            SBERT     2
546           TF-IDF     2
1516  TF-IDF + GloVe     2
1521            BERT     2
1528           SBERT     2
1531          TF-IDF     2
Selected query=“Find psalms that include both crying out for help and later declaring confidence in God’s justice”
Selected rank=2
Rows returned=4
RAW: 'A'
RAW: 'A'
RAW: 'X'
RAW: 'A'
RAW: 'A'
RAW: 'B'
Wins: {'A': 2, 'B': 1, 'C': 0, 'D': 3}
Ranking: ['D', 'A', 'B', 'C']
Saved results_scored.csv
              Method  Rank
772   TF-IDF + GloVe     3
777             BERT     3
783            SBERT     3
787           TF-IDF     3
1757  TF-IDF + GloVe     3
1762            BERT     3
1768           SBERT     3
1772          TF-IDF     3
Selected query=Lord I have cried unto thee
Selected rank=3
Rows returned=4
RAW: 'B'
RAW: 'B'
RAW: 'A'
RAW: 'X'
RAW: 'X'
RAW: 'A'
Wins: {'A': 1, 'B': 2, 'C': 2, 'D': 1}
Ranking: ['B', 'C', 'A', 'D']
Saved results_scored.csv
              Method  Rank
393   TF-IDF + GloVe     4
398             BERT     4
403            SBERT     4
408           TF-IDF     4
1378  TF-IDF + GloVe     4
1383            BERT     4
1388           SBERT     4
1393          TF-IDF     4
Selected query=Transgression
Selected rank=4
Rows returned=4
RAW: 'X'
RAW: 'X'
RAW: 'A'
RAW: 'X'
RAW: 'X'
RAW: 'X'
Wins: {'A': 1, 'B': 3, 'C': 0, 'D': 2}
Ranking: ['B', 'D', 'A', 'C']
Saved results_scored.csv
              Method  Rank
321   TF-IDF + GloVe     2
326             BERT     2
332            SBERT     2
336           TF-IDF     2
1306  TF-IDF + GloVe     2
1311            BERT     2
1317           SBERT     2
1321          TF-IDF     2
Selected query=Be thou exalted, O bridegroom, like unto Abrahaml and be thou blessed, like unto isaac; and do thou multiply like unto Joseph, walking in peace, and keeping the comandments of God in righteousness
Selected rank=2
Rows returned=4
RAW: 'X'
RAW: 'A'
RAW: 'A'
RAW: 'X'
RAW: 'A'
RAW: 'A'
Wins: {'A': 2, 'B': 2, 'C': 1, 'D': 1}
Ranking: ['A', 'B', 'C', 'D']
Saved results_scored.csv
     Method  Rank
378    BERT     4
380   SBERT     4
382   SBERT     4
1363   BERT     4
1365  SBERT     4
1367  SBERT     4
Selected query=Belief 
Selected rank=4
Rows returned=2
RAW: 'X'
Wins: {'A': 0, 'B': 1}
Ranking: ['B', 'A']
Saved results_scored.csv
      Method  Rank
340     BERT     1
345    SBERT     1
350   TF-IDF     1
351   TF-IDF     1
352   TF-IDF     1
353   TF-IDF     1
354   TF-IDF     1
1325    BERT     1
1330   SBERT     1
1335  TF-IDF     1
1336  TF-IDF     1
1337  TF-IDF     1
1338  TF-IDF     1
1339  TF-IDF     1
Selected query=Forgivness
Selected rank=1
Rows returned=3
RAW: 'A'
RAW: 'X'
RAW: 'A'
Wins: {'A': 1, 'B': 2, 'C': 0}
Ranking: ['B', 'A', 'C']
Saved results_scored.csv
              Method  Rank
414   TF-IDF + GloVe     5
419             BERT     5
422            SBERT     5
429           TF-IDF     5
1399  TF-IDF + GloVe     5
1404            BERT     5
1407           SBERT     5
1414          TF-IDF     5
Selected query=Love for Mankind
Selected rank=5
Rows returned=4
RAW: 'B'
RAW: 'A'
RAW: 'X'
RAW: 'B'
RAW: 'A'
RAW: 'X'
Wins: {'A': 1, 'B': 0, 'C': 3, 'D': 2}
Ranking: ['C', 'D', 'A', 'B']
Saved results_scored.csv
              Method  Rank
321   TF-IDF + GloVe     2
326             BERT     2
332            SBERT     2
336           TF-IDF     2
1306  TF-IDF + GloVe     2
1311            BERT     2
1317           SBERT     2
1321          TF-IDF     2
Selected query=Be thou exalted, O bridegroom, like unto Abrahaml and be thou blessed, like unto isaac; and do thou multiply like unto Joseph, walking in peace, and keeping the comandments of God in righteousness
Selected rank=2
Rows returned=4
RAW: 'A'
RAW: 'A'
RAW: 'A'
RAW: 'A'
RAW: 'A'
RAW: 'A'
Wins: {'A': 2, 'B': 1, 'C': 1, 'D': 2}
Ranking: ['A', 'D', 'B', 'C']
Saved results_scored.csv
              Method  Rank
261   TF-IDF + GloVe     2
266             BERT     2
273            SBERT     2
276           TF-IDF     2
1246  TF-IDF + GloVe     2
1251            BERT     2
1258           SBERT     2
1261          TF-IDF     2
Selected query=God is the Lord, which has shewed us light. Blessed is he that cometh in the name of the Lord
Selected rank=2
Rows returned=4
RAW: 'A'
RAW: 'A'
RAW: 'X'
RAW: 'X'
RAW: 'A'
RAW: 'X'
Wins: {'A': 0, 'B': 3, 'C': 1, 'D': 2}
Ranking: ['B', 'D', 'C', 'A']
Saved results_scored.csv
              Method  Rank
123   TF-IDF + GloVe     4
128             BERT     4
131            SBERT     4
138           TF-IDF     4
1108  TF-IDF + GloVe     4
1113            BERT     4
1116           SBERT     4
1123          TF-IDF     4
Selected query=prayer
Selected rank=4
Rows returned=4
RAW: 'X'
RAW: 'A'
RAW: 'X'
RAW: 'B'
RAW: 'X'
RAW: 'X'
Wins: {'A': 1, 'B': 1, 'C': 1, 'D': 3}
Ranking: ['D', 'A', 'B', 'C']
Saved results_scored.csv
              Method  Rank
474   TF-IDF + GloVe     5
479             BERT     5
481            SBERT     5
489           TF-IDF     5
1459  TF-IDF + GloVe     5
1464            BERT     5
1466           SBERT     5
1474          TF-IDF     5
Selected query=“Compare psalms that emphasize divine wrath versus psalms that emphasize divine mercy and forgiveness”
Selected rank=5
Rows returned=4
RAW: 'X'
RAW: 'A'
RAW: 'X'
RAW: 'X'
RAW: 'A'
RAW: 'X'
Wins: {'A': 0, 'B': 2, 'C': 2, 'D': 2}
Ranking: ['B', 'C', 'D', 'A']
Saved results_scored.csv
              Method  Rank
323   TF-IDF + GloVe     4
328             BERT     4
330            SBERT     4
338           TF-IDF     4
1308  TF-IDF + GloVe     4
1313            BERT     4
1315           SBERT     4
1323          TF-IDF     4
Selected query=Be thou exalted, O bridegroom, like unto Abrahaml and be thou blessed, like unto isaac; and do thou multiply like unto Joseph, walking in peace, and keeping the comandments of God in righteousness
Selected rank=4
Rows returned=4
RAW: 'A'
RAW: 'A'
RAW: 'X'
RAW: 'X'
RAW: 'A'
RAW: 'A'
Wins: {'A': 2, 'B': 1, 'C': 3, 'D': 0}
Ranking: ['C', 'A', 'B', 'D']
Saved results_scored.csv
              Method  Rank
220   TF-IDF + GloVe     1
225             BERT     1
234            SBERT     1
235           TF-IDF     1
1205  TF-IDF + GloVe     1
1210            BERT     1
1219           SBERT     1
1220          TF-IDF     1
Selected query=Lord, now lettest thou thy servant depart in peace, according to thy word: for mine eyes have seen thy salvation, which thou hast prepared before the face of all people; a light to lighten the Gentiles, and the glory of thy people Isreal. 
Selected rank=1
Rows returned=4
RAW: 'A'
RAW: 'A'
RAW: 'X'
RAW: 'A'
RAW: 'A'
RAW: 'A'
Wins: {'A': 1, 'B': 2, 'C': 1, 'D': 2}
Ranking: ['B', 'D', 'A', 'C']
Saved results_scored.csv
              Method  Rank
490   TF-IDF + GloVe     1
495             BERT     1
502            SBERT     1
505           TF-IDF     1
1475  TF-IDF + GloVe     1
1480            BERT     1
1487           SBERT     1
1490          TF-IDF     1
Selected query=Psalms containing repeated rhetorical questions directed at God during moments of suffering
Selected rank=1
Rows returned=4
RAW: 'A'
RAW: 'A'
RAW: 'X'
RAW: 'A'
RAW: 'X'
RAW: 'X'
Wins: {'A': 2, 'B': 0, 'C': 2, 'D': 2}
Ranking: ['A', 'C', 'D', 'B']
Saved results_scored.csv
              Method  Rank
244   TF-IDF + GloVe     5
249             BERT     5
250            SBERT     5
259           TF-IDF     5
1229  TF-IDF + GloVe     5
1234            BERT     5
1235           SBERT     5
1244          TF-IDF     5
Selected query=O Lord God of my salvation, I have cried day and night before thee: let my prayer come before thee: incline thine ear unto my cry.
Selected rank=5
Rows returned=4
RAW: 'X'
RAW: 'X'
RAW: 'X'
RAW: 'X'
RAW: 'A'
RAW: 'A'
Wins: {'A': 1, 'B': 0, 'C': 3, 'D': 2}
Ranking: ['C', 'D', 'A', 'B']
Saved results_scored.csv
              Method  Rank
164   TF-IDF + GloVe     5
169             BERT     5
170            SBERT     5
179           TF-IDF     5
1149  TF-IDF + GloVe     5
1154            BERT     5
1155           SBERT     5
1164          TF-IDF     5
Selected query=Rejoice, O ye heavens, sound the trumpets, ye foundation of the earth, thunder forth gladness, O ye mountains: for behold, Emmanuel to the Cross our sins, and the Giver of Life hath slain death, raising up Adam; for He loveth mankind.
Selected rank=5
Rows returned=4
RAW: 'X'
RAW: 'A'
RAW: 'A'
RAW: 'A'
RAW: 'A'
RAW: 'A'
Wins: {'A': 2, 'B': 1, 'C': 0, 'D': 3}
Ranking: ['D', 'A', 'B', 'C']
Saved results_scored.csv
              Method  Rank
300   TF-IDF + GloVe     1
305             BERT     1
313            SBERT     1
314            SBERT     1
315           TF-IDF     1
1285  TF-IDF + GloVe     1
1290            BERT     1
1298           SBERT     1
1299           SBERT     1
1300          TF-IDF     1
Selected query=The Choir of the Saints have found the fountain of life and the door of pardice. May I also find the right way through repentence, I am a lost sheep. Call me, O Savior, and save me. 
Selected rank=1
Rows returned=4
RAW: 'X'
RAW: 'A'
RAW: 'A'
RAW: 'X'
RAW: 'X'
RAW: 'A'
Wins: {'A': 1, 'B': 2, 'C': 1, 'D': 2}
Ranking: ['B', 'D', 'A', 'C']
Saved results_scored.csv
              Method  Rank
62    TF-IDF + GloVe     3
67              BERT     3
70             SBERT     3
77            TF-IDF     3
1047  TF-IDF + GloVe     3
1052            BERT     3
1055           SBERT     3
1062          TF-IDF     3
Selected query=How does the psalmist express trust in God while surrounded by fear and uncertainty?
Selected rank=3
Rows returned=4
RAW: 'X'
RAW: 'X'
RAW: 'X'
RAW: 'A'
RAW: 'A'
RAW: 'X'
Wins: {'A': 1, 'B': 2, 'C': 1, 'D': 2}
Ranking: ['B', 'D', 'A', 'C']
Saved results_scored.csv
              Method  Rank
730   TF-IDF + GloVe     1
735             BERT     1
743            SBERT     1
745           TF-IDF     1
1715  TF-IDF + GloVe     1
1720            BERT     1
1728           SBERT     1
1730          TF-IDF     1
Selected query=Harken unto my prayer
Selected rank=1
Rows returned=4
RAW: 'X'
RAW: 'X'
RAW: 'X'
RAW: 'X'
RAW: 'A'
RAW: 'A'
Wins: {'A': 0, 'B': 1, 'C': 3, 'D': 2}
Ranking: ['C', 'D', 'B', 'A']
Saved results_scored.csv
              Method  Rank
261   TF-IDF + GloVe     2
266             BERT     2
273            SBERT     2
276           TF-IDF     2
1246  TF-IDF + GloVe     2
1251            BERT     2
1258           SBERT     2
1261          TF-IDF     2
Selected query=God is the Lord, which has shewed us light. Blessed is he that cometh in the name of the Lord
Selected rank=2
Rows returned=4
RAW: 'A'
RAW: 'X'
RAW: 'A'
RAW: 'X'
RAW: 'X'
RAW: 'A'
Wins: {'A': 2, 'B': 2, 'C': 1, 'D': 1}
Ranking: ['A', 'B', 'C', 'D']
Saved results_scored.csv
              Method  Rank
730   TF-IDF + GloVe     1
735             BERT     1
743            SBERT     1
745           TF-IDF     1
1715  TF-IDF + GloVe     1
1720            BERT     1
1728           SBERT     1
1730          TF-IDF     1
Selected query=Harken unto my prayer
Selected rank=1
Rows returned=4
RAW: 'A'
RAW: 'X'
RAW: 'A'
RAW: 'X'
RAW: 'A'
RAW: 'X'
Wins: {'A': 1, 'B': 2, 'C': 1, 'D': 2}
Ranking: ['B', 'D', 'A', 'C']
Saved results_scored.csv
              Method  Rank
814   TF-IDF + GloVe     5
819             BERT     5
820            SBERT     5
829           TF-IDF     5
1799  TF-IDF + GloVe     5
1804            BERT     5
1805           SBERT     5
1814          TF-IDF     5
Selected query=God with with us
Selected rank=5
Rows returned=4
RAW: 'A'
RAW: 'A'
RAW: 'A'
RAW: 'A'
RAW: 'A'
RAW: 'X'
Wins: {'A': 3, 'B': 0, 'C': 1, 'D': 2}
Ranking: ['A', 'D', 'C', 'B']
Saved results_scored.csv
              Method  Rank
200   TF-IDF + GloVe     1
205             BERT     1
213            SBERT     1
215           TF-IDF     1
1185  TF-IDF + GloVe     1
1190            BERT     1
1198           SBERT     1
1200          TF-IDF     1
Selected query=Verses where the psalmist remembers past deliverance and uses it to find hope in present trials.
Selected rank=1
Rows returned=4
RAW: 'A'
RAW: 'X'
RAW: 'X'
RAW: 'X'
RAW: 'A'
RAW: 'X'
Wins: {'A': 1, 'B': 3, 'C': 2, 'D': 0}
Ranking: ['B', 'C', 'A', 'D']
Saved results_scored.csv
              Method  Rank
322   TF-IDF + GloVe     3
327             BERT     3
333            SBERT     3
334            SBERT     3
337           TF-IDF     3
1307  TF-IDF + GloVe     3
1312            BERT     3
1318           SBERT     3
1319           SBERT     3
1322          TF-IDF     3
Selected query=Be thou exalted, O bridegroom, like unto Abrahaml and be thou blessed, like unto isaac; and do thou multiply like unto Joseph, walking in peace, and keeping the comandments of God in righteousness
Selected rank=3
Rows returned=4
RAW: 'X'
RAW: 'A'
RAW: 'X'
RAW: 'A'
RAW: 'A'
RAW: 'X'
Wins: {'A': 2, 'B': 0, 'C': 2, 'D': 2}
Ranking: ['A', 'C', 'D', 'B']
Saved results_scored.csv
              Method  Rank
772   TF-IDF + GloVe     3
777             BERT     3
783            SBERT     3
787           TF-IDF     3
1757  TF-IDF + GloVe     3
1762            BERT     3
1768           SBERT     3
1772          TF-IDF     3
Selected query=Lord I have cried unto thee
Selected rank=3
Rows returned=4
RAW: 'B'
RAW: 'X'
RAW: 'A'
RAW: 'A'
RAW: 'A'
RAW: 'X'
Wins: {'A': 1, 'B': 0, 'C': 2, 'D': 3}
Ranking: ['D', 'C', 'A', 'B']
Saved results_scored.csv
              Method  Rank
691   TF-IDF + GloVe     2
696             BERT     2
700            SBERT     2
706           TF-IDF     2
1676  TF-IDF + GloVe     2
1681            BERT     2
1685           SBERT     2
1691          TF-IDF     2
Selected query=Psalms describing God as a refuge and protector during times of danger, oppression, or attack
Selected rank=2
Rows returned=4
RAW: 'A'
RAW: 'X'
RAW: 'X'
RAW: 'B'
RAW: 'X'
RAW: 'A'
Wins: {'A': 3, 'B': 1, 'C': 2, 'D': 0}
Ranking: ['A', 'C', 'B', 'D']
Saved results_scored.csv
              Method  Rank
772   TF-IDF + GloVe     3
777             BERT     3
783            SBERT     3
787           TF-IDF     3
1757  TF-IDF + GloVe     3
1762            BERT     3
1768           SBERT     3
1772          TF-IDF     3
Selected query=Lord I have cried unto thee
Selected rank=3
Rows returned=4
RAW: 'X'
RAW: 'A'
RAW: 'B'
RAW: 'B'
RAW: 'A'
RAW: 'A'
Wins: {'A': 2, 'B': 0, 'C': 1, 'D': 3}
Ranking: ['D', 'A', 'C', 'B']
Saved results_scored.csv
              Method  Rank
571   TF-IDF + GloVe     2
576             BERT     2
582            SBERT     2
586           TF-IDF     2
1556  TF-IDF + GloVe     2
1561            BERT     2
1567           SBERT     2
1571          TF-IDF     2
Selected query=Psalms that express a transition from deep personal lament and feelings of abandonment to renewed trust and praise, especially where the emotional shift is explicit within the same psalm
Selected rank=2
Rows returned=4
RAW: 'A'
RAW: 'A'
RAW: 'X'
RAW: 'A'
RAW: 'A'
RAW: 'A'
Wins: {'A': 0, 'B': 3, 'C': 2, 'D': 1}
Ranking: ['B', 'C', 'D', 'A']
Saved results_scored.csv
              Method  Rank
592   TF-IDF + GloVe     3
597             BERT     3
603            SBERT     3
607           TF-IDF     3
1577  TF-IDF + GloVe     3
1582            BERT     3
1588           SBERT     3
1592          TF-IDF     3
Selected query=Find psalms that describe God as a refuge and protector in the context of enemies, oppression, or danger, emphasizing both emotional dependence and divine justice
Selected rank=3
Rows returned=4
RAW: 'X'
RAW: 'A'
RAW: 'X'
RAW: 'A'
RAW: 'A'
RAW: 'A'
Wins: {'A': 0, 'B': 3, 'C': 1, 'D': 2}
Ranking: ['B', 'D', 'C', 'A']
Saved results_scored.csv
              Method  Rank
732   TF-IDF + GloVe     3
737             BERT     3
741            SBERT     3
744            SBERT     3
747           TF-IDF     3
1717  TF-IDF + GloVe     3
1722            BERT     3
1726           SBERT     3
1729           SBERT     3
1732          TF-IDF     3
Selected query=Harken unto my prayer
Selected rank=3
Rows returned=4
RAW: 'B'
RAW: 'A'
RAW: 'X'
RAW: 'X'
RAW: 'X'
RAW: 'A'
Wins: {'A': 2, 'B': 2, 'C': 2, 'D': 0}
Ranking: ['A', 'B', 'C', 'D']
Saved results_scored.csv
              Method  Rank
244   TF-IDF + GloVe     5
249             BERT     5
250            SBERT     5
259           TF-IDF     5
1229  TF-IDF + GloVe     5
1234            BERT     5
1235           SBERT     5
1244          TF-IDF     5
Selected query=O Lord God of my salvation, I have cried day and night before thee: let my prayer come before thee: incline thine ear unto my cry.
Selected rank=5
Rows returned=4
RAW: 'X'
RAW: 'X'
RAW: 'X'
RAW: 'X'
RAW: 'X'
RAW: 'X'
Wins: {'A': 2, 'B': 3, 'C': 0, 'D': 1}
Ranking: ['B', 'A', 'D', 'C']
Saved results_scored.csv
              Method  Rank
434   TF-IDF + GloVe     5
439             BERT     5
441            SBERT     5
449           TF-IDF     5
1419  TF-IDF + GloVe     5
1424            BERT     5
1426           SBERT     5
1434          TF-IDF     5
Selected query=“Psalms that contrast human mortality with divine eternity and reflect on the fleeting nature of life”
Selected rank=5
Rows returned=4
RAW: 'A'
RAW: 'A'
RAW: 'A'
RAW: 'X'
RAW: 'A'
RAW: 'X'
Wins: {'A': 3, 'B': 2, 'C': 1, 'D': 0}
Ranking: ['A', 'B', 'C', 'D']
Saved results_scored.csv
              Method  Rank
64    TF-IDF + GloVe     5
69              BERT     5
74             SBERT     5
79            TF-IDF     5
1049  TF-IDF + GloVe     5
1054            BERT     5
1059           SBERT     5
1064          TF-IDF     5
Selected query=How does the psalmist express trust in God while surrounded by fear and uncertainty?
Selected rank=5
Rows returned=4
RAW: 'A'
RAW: 'X'
RAW: 'X'
RAW: 'X'
RAW: 'A'
RAW: 'X'
Wins: {'A': 1, 'B': 1, 'C': 3, 'D': 1}
Ranking: ['C', 'A', 'B', 'D']
Saved results_scored.csv
              Method  Rank
201   TF-IDF + GloVe     2
206             BERT     2
212            SBERT     2
216           TF-IDF     2
1186  TF-IDF + GloVe     2
1191            BERT     2
1197           SBERT     2
1201          TF-IDF     2
Selected query=Verses where the psalmist remembers past deliverance and uses it to find hope in present trials.
Selected rank=2
Rows returned=4
RAW: 'A'
RAW: 'A'
RAW: 'A'
RAW: 'A'
RAW: 'A'
RAW: 'X'
Wins: {'A': 1, 'B': 2, 'C': 1, 'D': 2}
Ranking: ['B', 'D', 'A', 'C']
Saved results_scored.csv
              Method  Rank
534   TF-IDF + GloVe     5
539             BERT     5
544            SBERT     5
549           TF-IDF     5
1519  TF-IDF + GloVe     5
1524            BERT     5
1529           SBERT     5
1534          TF-IDF     5
Selected query=“Find psalms that include both crying out for help and later declaring confidence in God’s justice”
Selected rank=5
Rows returned=4
RAW: 'A'
RAW: 'X'
RAW: 'A'
RAW: 'X'
RAW: 'B'
RAW: 'B'
Wins: {'A': 2, 'B': 0, 'C': 1, 'D': 3}
Ranking: ['D', 'A', 'C', 'B']
Saved results_scored.csv
              Method  Rank
610   TF-IDF + GloVe     1
615             BERT     1
622            SBERT     1
625           TF-IDF     1
1595  TF-IDF + GloVe     1
1600            BERT     1
1607           SBERT     1
1610          TF-IDF     1
Selected query=Which psalms focus on repentance and moral failure, where the psalmist confesses sin, acknowledges personal guilt, and pleads for inner spiritual renewal and cleansing
Selected rank=1
Rows returned=4
RAW: 'A'
RAW: 'A'
RAW: 'A'
RAW: 'X'
RAW: 'A'
RAW: 'A'
Wins: {'A': 1, 'B': 1, 'C': 1, 'D': 3}
Ranking: ['D', 'A', 'B', 'C']
Saved results_scored.csv
              Method  Rank
260   TF-IDF + GloVe     1
265             BERT     1
274            SBERT     1
275           TF-IDF     1
1245  TF-IDF + GloVe     1
1250            BERT     1
1259           SBERT     1
1260          TF-IDF     1
Selected query=God is the Lord, which has shewed us light. Blessed is he that cometh in the name of the Lord
Selected rank=1
Rows returned=4
RAW: 'X'
RAW: 'A'
RAW: 'A'
RAW: 'X'
RAW: 'A'
RAW: 'X'
Wins: {'A': 3, 'B': 1, 'C': 1, 'D': 1}
Ranking: ['A', 'B', 'C', 'D']
Saved results_scored.csv
     Method  Rank
376    BERT     2
384   SBERT     2
1361   BERT     2
1369  SBERT     2
Selected query=Belief 
Selected rank=2
Rows returned=2
RAW: 'B'
Wins: {'A': 0, 'B': 1}
Ranking: ['B', 'A']
Saved results_scored.csv
              Method  Rank
473   TF-IDF + GloVe     4
478             BERT     4
480            SBERT     4
488           TF-IDF     4
1458  TF-IDF + GloVe     4
1463            BERT     4
1465           SBERT     4
1473          TF-IDF     4
Selected query=“Compare psalms that emphasize divine wrath versus psalms that emphasize divine mercy and forgiveness”
Selected rank=4
Rows returned=4
RAW: 'B'
RAW: 'X'
RAW: 'B'
RAW: 'X'
RAW: 'B'
RAW: 'A'
Wins: {'A': 1, 'B': 2, 'C': 1, 'D': 2}
Ranking: ['B', 'D', 'A', 'C']
Saved results_scored.csv
              Method  Rank
182   TF-IDF + GloVe     3
187             BERT     3
194            SBERT     3
197           TF-IDF     3
1167  TF-IDF + GloVe     3
1172            BERT     3
1179           SBERT     3
1182          TF-IDF     3
Selected query=The Lord is my shepherd
Selected rank=3
Rows returned=4
RAW: 'X'
RAW: 'A'
RAW: 'B'
RAW: 'A'
RAW: 'A'
RAW: 'X'
Wins: {'A': 1, 'B': 2, 'C': 1, 'D': 2}
Ranking: ['B', 'D', 'A', 'C']
Saved results_scored.csv
              Method  Rank
654   TF-IDF + GloVe     5
659             BERT     5
661            SBERT     5
669           TF-IDF     5
1639  TF-IDF + GloVe     5
1644            BERT     5
1646           SBERT     5
1654          TF-IDF     5
Selected query=Identify psalms that combine themes of suffering, injustice, and confusion about God’s presence, yet still conclude with declarations of hope, faith, or trust in divine deliverance
Selected rank=5
Rows returned=4
RAW: 'X'
RAW: 'A'
RAW: 'X'
RAW: 'X'
RAW: 'A'
RAW: 'X'
Wins: {'A': 2, 'B': 3, 'C': 1, 'D': 0}
Ranking: ['B', 'A', 'C', 'D']
Saved results_scored.csv
              Method  Rank
220   TF-IDF + GloVe     1
225             BERT     1
234            SBERT     1
235           TF-IDF     1
1205  TF-IDF + GloVe     1
1210            BERT     1
1219           SBERT     1
1220          TF-IDF     1
Selected query=Lord, now lettest thou thy servant depart in peace, according to thy word: for mine eyes have seen thy salvation, which thou hast prepared before the face of all people; a light to lighten the Gentiles, and the glory of thy people Isreal. 
Selected rank=1
Rows returned=4
RAW: 'A'
RAW: 'X'
RAW: 'X'
RAW: 'A'
RAW: 'A'
RAW: 'A'
Wins: {'A': 1, 'B': 3, 'C': 2, 'D': 0}
Ranking: ['B', 'C', 'A', 'D']
Saved results_scored.csv
              Method  Rank
301   TF-IDF + GloVe     2
306             BERT     2
310            SBERT     2
316           TF-IDF     2
1286  TF-IDF + GloVe     2
1291            BERT     2
1295           SBERT     2
1301          TF-IDF     2
Selected query=The Choir of the Saints have found the fountain of life and the door of pardice. May I also find the right way through repentence, I am a lost sheep. Call me, O Savior, and save me. 
Selected rank=2
Rows returned=4
RAW: 'A'
RAW: 'X'
RAW: 'A'
RAW: 'X'
RAW: 'X'
RAW: 'A'
Wins: {'A': 1, 'B': 1, 'C': 2, 'D': 2}
Ranking: ['C', 'D', 'A', 'B']
Saved results_scored.csv
              Method  Rank
710   TF-IDF + GloVe     1
715             BERT     1
721            SBERT     1
725           TF-IDF     1
1695  TF-IDF + GloVe     1
1700            BERT     1
1706           SBERT     1
1710          TF-IDF     1
Selected query=Attend to my supplication
Selected rank=1
Rows returned=4
RAW: 'A'
RAW: 'A'
RAW: 'A'
RAW: 'X'
RAW: 'X'
RAW: 'X'
Wins: {'A': 0, 'B': 2, 'C': 2, 'D': 2}
Ranking: ['B', 'C', 'D', 'A']
Saved results_scored.csv
    Method  Rank
854   BERT     5
856  SBERT     5
Selected query=Deliverance 
Selected rank=5
Rows returned=2
RAW: 'X'
Wins: {'A': 1, 'B': 0}
Ranking: ['A', 'B']
Saved results_scored.csv
              Method  Rank
572   TF-IDF + GloVe     3
577             BERT     3
581            SBERT     3
587           TF-IDF     3
1557  TF-IDF + GloVe     3
1562            BERT     3
1566           SBERT     3
1572          TF-IDF     3
Selected query=Psalms that express a transition from deep personal lament and feelings of abandonment to renewed trust and praise, especially where the emotional shift is explicit within the same psalm
Selected rank=3
Rows returned=4
RAW: 'B'
RAW: 'B'
RAW: 'A'
RAW: 'X'
RAW: 'X'
RAW: 'X'
Wins: {'A': 1, 'B': 2, 'C': 2, 'D': 1}
Ranking: ['B', 'C', 'A', 'D']
Saved results_scored.csv
              Method  Rank
553   TF-IDF + GloVe     4
558             BERT     4
561            SBERT     4
568           TF-IDF     4
1538  TF-IDF + GloVe     4
1543            BERT     4
1546           SBERT     4
1553          TF-IDF     4
Selected query=“Psalms that express deep lament and trust in God simultaneously during periods of persecution and feeling abandoned”
Selected rank=4
Rows returned=4
RAW: 'A'
RAW: 'X'
RAW: 'A'
RAW: 'X'
RAW: 'X'
RAW: 'X'
Wins: {'A': 3, 'B': 0, 'C': 1, 'D': 2}
Ranking: ['A', 'D', 'C', 'B']
Saved results_scored.csv
              Method  Rank
631   TF-IDF + GloVe     2
636             BERT     2
641            SBERT     2
646           TF-IDF     2
1616  TF-IDF + GloVe     2
1621            BERT     2
1626           SBERT     2
1631          TF-IDF     2
Selected query=Psalms that reflect on human mortality and the fragility of life in contrast with the eternal nature of God, including meditations on time, death, and divine permanence
Selected rank=2
Rows returned=4
RAW: 'X'
RAW: 'A'
RAW: 'A'
RAW: 'A'
RAW: 'B'
RAW: 'X'
Wins: {'A': 2, 'B': 2, 'C': 0, 'D': 2}
Ranking: ['A', 'B', 'D', 'C']
Saved results_scored.csv
     Method  Rank
344    BERT     5
1329   BERT     5
Selected query=Forgivness
Selected rank=5
Rows returned=1
Wins: {'A': 0}
Ranking: ['A']
Saved results_scored.csv
              Method  Rank
613   TF-IDF + GloVe     4
618             BERT     4
624            SBERT     4
628           TF-IDF     4
1598  TF-IDF + GloVe     4
1603            BERT     4
1609           SBERT     4
1613          TF-IDF     4
Selected query=Which psalms focus on repentance and moral failure, where the psalmist confesses sin, acknowledges personal guilt, and pleads for inner spiritual renewal and cleansing
Selected rank=4
Rows returned=4
RAW: 'A'
RAW: 'A'
RAW: 'X'
RAW: 'X'
RAW: 'X'
RAW: 'X'
Wins: {'A': 1, 'B': 2, 'C': 1, 'D': 2}
Ranking: ['B', 'D', 'A', 'C']
Saved results_scored.csv
              Method  Rank
831   TF-IDF + GloVe     2
836             BERT     2
842            SBERT     2
846           TF-IDF     2
1816  TF-IDF + GloVe     2
1821            BERT     2
1827           SBERT     2
1831          TF-IDF     2
Selected query=The Lord is my helper; I will not fear what man shall do unto me.
Selected rank=2
Rows returned=4
RAW: 'X'
RAW: 'A'
RAW: 'X'
RAW: 'X'
RAW: 'X'
RAW: 'A'
Wins: {'A': 1, 'B': 2, 'C': 3, 'D': 0}
Ranking: ['C', 'B', 'A', 'D']
Saved results_scored.csv
              Method  Rank
144   TF-IDF + GloVe     5
149             BERT     5
151            SBERT     5
1129  TF-IDF + GloVe     5
1134            BERT     5
1136           SBERT     5
Selected query=protection from enemies
Selected rank=5
Rows returned=3
RAW: 'X'
RAW: 'A'
RAW: 'X'
Wins: {'A': 2, 'B': 0, 'C': 1}
Ranking: ['A', 'C', 'B']
Saved results_scored.csv
              Method  Rank
574   TF-IDF + GloVe     5
579             BERT     5
580            SBERT     5
589           TF-IDF     5
1559  TF-IDF + GloVe     5
1564            BERT     5
1565           SBERT     5
1574          TF-IDF     5
Selected query=Psalms that express a transition from deep personal lament and feelings of abandonment to renewed trust and praise, especially where the emotional shift is explicit within the same psalm
Selected rank=5
Rows returned=4
RAW: 'A'
RAW: 'X'
RAW: 'A'
RAW: 'A'
RAW: 'A'
RAW: 'A'
Wins: {'A': 3, 'B': 1, 'C': 1, 'D': 1}
Ranking: ['A', 'B', 'C', 'D']
Saved results_scored.csv
              Method  Rank
694   TF-IDF + GloVe     5
699             BERT     5
701            SBERT     5
709           TF-IDF     5
1679  TF-IDF + GloVe     5
1684            BERT     5
1686           SBERT     5
1694          TF-IDF     5
Selected query=Psalms describing God as a refuge and protector during times of danger, oppression, or attack
Selected rank=5
Rows returned=4
RAW: 'X'
RAW: 'A'
RAW: 'B'
RAW: 'X'
RAW: 'X'
RAW: 'A'
Wins: {'A': 1, 'B': 1, 'C': 1, 'D': 3}
Ranking: ['D', 'A', 'B', 'C']
Saved results_scored.csv
              Method  Rank
81    TF-IDF + GloVe     2
86              BERT     2
92             SBERT     2
96            TF-IDF     2
1066  TF-IDF + GloVe     2
1071            BERT     2
1077           SBERT     2
1081          TF-IDF     2
Selected query=mercy
Selected rank=2
Rows returned=4
RAW: 'X'
RAW: 'X'
RAW: 'B'
RAW: 'A'
RAW: 'X'
RAW: 'A'
Wins: {'A': 1, 'B': 3, 'C': 2, 'D': 0}
Ranking: ['B', 'C', 'A', 'D']
Saved results_scored.csv
              Method  Rank
811   TF-IDF + GloVe     2
816             BERT     2
824            SBERT     2
826           TF-IDF     2
1796  TF-IDF + GloVe     2
1801            BERT     2
1809           SBERT     2
1811          TF-IDF     2
Selected query=God with with us
Selected rank=2
Rows returned=4
RAW: 'X'
RAW: 'X'
RAW: 'X'
RAW: 'X'
RAW: 'X'
RAW: 'X'
Wins: {'A': 2, 'B': 0, 'C': 2, 'D': 2}
Ranking: ['A', 'C', 'D', 'B']
Saved results_scored.csv
              Method  Rank
102   TF-IDF + GloVe     3
107             BERT     3
113            SBERT     3
117           TF-IDF     3
1087  TF-IDF + GloVe     3
1092            BERT     3
1098           SBERT     3
1102          TF-IDF     3
Selected query=praise in times of suffering
Selected rank=3
Rows returned=4
RAW: 'X'
RAW: 'A'
RAW: 'X'
RAW: 'X'
RAW: 'A'
RAW: 'A'
Wins: {'A': 2, 'B': 0, 'C': 3, 'D': 1}
Ranking: ['C', 'A', 'D', 'B']
Saved results_scored.csv
              Method  Rank
2     TF-IDF + GloVe     3
7               BERT     3
10             SBERT     3
17            TF-IDF     3
987   TF-IDF + GloVe     3
992             BERT     3
995            SBERT     3
1002          TF-IDF     3
Selected query=Create in me a clean heart
Selected rank=3
Rows returned=4
RAW: 'B'
RAW: 'X'
RAW: 'A'
RAW: 'X'
RAW: 'B'
RAW: 'B'
Wins: {'A': 1, 'B': 3, 'C': 1, 'D': 1}
Ranking: ['B', 'A', 'C', 'D']
Saved results_scored.csv
              Method  Rank
830   TF-IDF + GloVe     1
835             BERT     1
840            SBERT     1
845           TF-IDF     1
1815  TF-IDF + GloVe     1
1820            BERT     1
1825           SBERT     1
1830          TF-IDF     1
Selected query=The Lord is my helper; I will not fear what man shall do unto me.
Selected rank=1
Rows returned=4
RAW: 'A'
RAW: 'X'
RAW: 'A'
RAW: 'A'
RAW: 'A'
RAW: 'A'
Wins: {'A': 2, 'B': 1, 'C': 1, 'D': 2}
Ranking: ['A', 'D', 'B', 'C']
Saved results_scored.csv
              Method  Rank
493   TF-IDF + GloVe     4
498             BERT     4
501            SBERT     4
508           TF-IDF     4
1478  TF-IDF + GloVe     4
1483            BERT     4
1486           SBERT     4
1493          TF-IDF     4
Selected query=Psalms containing repeated rhetorical questions directed at God during moments of suffering
Selected rank=4
Rows returned=4
RAW: 'X'
RAW: 'B'
RAW: 'X'
RAW: 'X'
RAW: 'A'
RAW: 'X'
Wins: {'A': 1, 'B': 2, 'C': 2, 'D': 1}
Ranking: ['B', 'C', 'A', 'D']
Saved results_scored.csv
              Method  Rank
243   TF-IDF + GloVe     4
248             BERT     4
254            SBERT     4
258           TF-IDF     4
1228  TF-IDF + GloVe     4
1233            BERT     4
1239           SBERT     4
1243          TF-IDF     4
Selected query=O Lord God of my salvation, I have cried day and night before thee: let my prayer come before thee: incline thine ear unto my cry.
Selected rank=4
Rows returned=4
RAW: 'A'
RAW: 'X'
RAW: 'X'
RAW: 'X'
RAW: 'A'
RAW: 'A'
Wins: {'A': 3, 'B': 1, 'C': 0, 'D': 2}
Ranking: ['A', 'D', 'B', 'C']
Saved results_scored.csv
              Method  Rank
832   TF-IDF + GloVe     3
837             BERT     3
843            SBERT     3
847           TF-IDF     3
1817  TF-IDF + GloVe     3
1822            BERT     3
1828           SBERT     3
1832          TF-IDF     3
Selected query=The Lord is my helper; I will not fear what man shall do unto me.
Selected rank=3
Rows returned=4
RAW: 'X'
RAW: 'A'
RAW: 'X'
RAW: 'A'
RAW: 'A'
RAW: 'A'
Wins: {'A': 2, 'B': 1, 'C': 3, 'D': 0}
Ranking: ['C', 'A', 'B', 'D']
Saved results_scored.csv
              Method  Rank
303   TF-IDF + GloVe     4
308             BERT     4
312            SBERT     4
318           TF-IDF     4
1288  TF-IDF + GloVe     4
1293            BERT     4
1297           SBERT     4
1303          TF-IDF     4
Selected query=The Choir of the Saints have found the fountain of life and the door of pardice. May I also find the right way through repentence, I am a lost sheep. Call me, O Savior, and save me. 
Selected rank=4
Rows returned=4
RAW: 'A'
RAW: 'A'
RAW: 'X'
RAW: 'A'
RAW: 'A'
RAW: 'A'
Wins: {'A': 3, 'B': 2, 'C': 0, 'D': 1}
Ranking: ['A', 'B', 'D', 'C']
Saved results_scored.csv
              Method  Rank
691   TF-IDF + GloVe     2
696             BERT     2
700            SBERT     2
706           TF-IDF     2
1676  TF-IDF + GloVe     2
1681            BERT     2
1685           SBERT     2
1691          TF-IDF     2
Selected query=Psalms describing God as a refuge and protector during times of danger, oppression, or attack
Selected rank=2
Rows returned=4
RAW: 'X'
RAW: 'X'
RAW: 'X'
RAW: 'X'
RAW: 'X'
RAW: 'X'
Wins: {'A': 0, 'B': 2, 'C': 2, 'D': 2}
Ranking: ['B', 'C', 'D', 'A']
Saved results_scored.csv
              Method  Rank
733   TF-IDF + GloVe     4
738             BERT     4
740            SBERT     4
748           TF-IDF     4
1718  TF-IDF + GloVe     4
1723            BERT     4
1725           SBERT     4
1733          TF-IDF     4
Selected query=Harken unto my prayer
Selected rank=4
Rows returned=4
RAW: 'B'
RAW: 'X'
RAW: 'A'
RAW: 'A'
RAW: 'A'
RAW: 'X'
Wins: {'A': 1, 'B': 0, 'C': 3, 'D': 2}
Ranking: ['C', 'D', 'A', 'B']
Saved results_scored.csv
              Method  Rank
813   TF-IDF + GloVe     4
818             BERT     4
821            SBERT     4
828           TF-IDF     4
1798  TF-IDF + GloVe     4
1803            BERT     4
1806           SBERT     4
1813          TF-IDF     4
Selected query=God with with us
Selected rank=4
Rows returned=4
RAW: 'X'
RAW: 'X'
RAW: 'B'
RAW: 'B'
RAW: 'X'
RAW: 'X'
Wins: {'A': 2, 'B': 1, 'C': 2, 'D': 1}
Ranking: ['A', 'C', 'B', 'D']
Saved results_scored.csv
              Method  Rank
811   TF-IDF + GloVe     2
816             BERT     2
824            SBERT     2
826           TF-IDF     2
1796  TF-IDF + GloVe     2
1801            BERT     2
1809           SBERT     2
1811          TF-IDF     2
Selected query=God with with us
Selected rank=2
Rows returned=4
RAW: 'X'
RAW: 'A'
RAW: 'A'
RAW: 'X'
RAW: 'B'
RAW: 'X'
Wins: {'A': 1, 'B': 3, 'C': 0, 'D': 2}
Ranking: ['B', 'D', 'A', 'C']
Saved results_scored.csv
              Method  Rank
414   TF-IDF + GloVe     5
419             BERT     5
422            SBERT     5
429           TF-IDF     5
1399  TF-IDF + GloVe     5
1404            BERT     5
1407           SBERT     5
1414          TF-IDF     5
Selected query=Love for Mankind
Selected rank=5
Rows returned=4
RAW: 'X'
RAW: 'X'
RAW: 'A'
RAW: 'A'
RAW: 'A'
RAW: 'A'
Wins: {'A': 3, 'B': 1, 'C': 2, 'D': 0}
Ranking: ['A', 'C', 'B', 'D']
Saved results_scored.csv
              Method  Rank
592   TF-IDF + GloVe     3
597             BERT     3
603            SBERT     3
607           TF-IDF     3
1577  TF-IDF + GloVe     3
1582            BERT     3
1588           SBERT     3
1592          TF-IDF     3
Selected query=Find psalms that describe God as a refuge and protector in the context of enemies, oppression, or danger, emphasizing both emotional dependence and divine justice
Selected rank=3
Rows returned=4
RAW: 'X'
RAW: 'A'
RAW: 'A'
RAW: 'X'
RAW: 'A'
RAW: 'X'
Wins: {'A': 1, 'B': 3, 'C': 0, 'D': 2}
Ranking: ['B', 'D', 'A', 'C']
Saved results_scored.csv
              Method  Rank
321   TF-IDF + GloVe     2
326             BERT     2
332            SBERT     2
336           TF-IDF     2
1306  TF-IDF + GloVe     2
1311            BERT     2
1317           SBERT     2
1321          TF-IDF     2
Selected query=Be thou exalted, O bridegroom, like unto Abrahaml and be thou blessed, like unto isaac; and do thou multiply like unto Joseph, walking in peace, and keeping the comandments of God in righteousness
Selected rank=2
Rows returned=4
RAW: 'A'
RAW: 'A'
RAW: 'X'
RAW: 'X'
RAW: 'A'
RAW: 'X'
Wins: {'A': 1, 'B': 1, 'C': 3, 'D': 1}
Ranking: ['C', 'A', 'B', 'D']
Saved results_scored.csv
              Method  Rank
694   TF-IDF + GloVe     5
699             BERT     5
701            SBERT     5
709           TF-IDF     5
1679  TF-IDF + GloVe     5
1684            BERT     5
1686           SBERT     5
1694          TF-IDF     5
Selected query=Psalms describing God as a refuge and protector during times of danger, oppression, or attack
Selected rank=5
Rows returned=4
RAW: 'A'
RAW: 'A'
RAW: 'B'
RAW: 'X'
RAW: 'A'
RAW: 'X'
Wins: {'A': 2, 'B': 2, 'C': 1, 'D': 1}
Ranking: ['A', 'B', 'C', 'D']
Saved results_scored.csv
              Method  Rank
590   TF-IDF + GloVe     1
595             BERT     1
602            SBERT     1
605           TF-IDF     1
1575  TF-IDF + GloVe     1
1580            BERT     1
1587           SBERT     1
1590          TF-IDF     1
Selected query=Find psalms that describe God as a refuge and protector in the context of enemies, oppression, or danger, emphasizing both emotional dependence and divine justice
Selected rank=1
Rows returned=4
RAW: 'A'
RAW: 'A'
RAW: 'A'
RAW: 'A'
RAW: 'A'
RAW: 'X'
Wins: {'A': 1, 'B': 1, 'C': 3, 'D': 1}
Ranking: ['C', 'A', 'B', 'D']
Saved results_scored.csv
              Method  Rank
102   TF-IDF + GloVe     3
107             BERT     3
113            SBERT     3
117           TF-IDF     3
1087  TF-IDF + GloVe     3
1092            BERT     3
1098           SBERT     3
1102          TF-IDF     3
Selected query=praise in times of suffering
Selected rank=3
Rows returned=4
RAW: 'A'
RAW: 'B'
RAW: 'X'
RAW: 'X'
RAW: 'X'
RAW: 'A'
Wins: {'A': 1, 'B': 3, 'C': 1, 'D': 1}
Ranking: ['B', 'A', 'C', 'D']
Saved results_scored.csv
              Method  Rank
359   TF-IDF + GloVe     5
364             BERT     5
367            SBERT     5
374           TF-IDF     5
1344  TF-IDF + GloVe     5
1349            BERT     5
1352           SBERT     5
1359          TF-IDF     5
Selected query=Love
Selected rank=5
Rows returned=4
RAW: 'A'
RAW: 'X'
RAW: 'X'
RAW: 'X'
RAW: 'B'
RAW: 'B'
Wins: {'A': 0, 'B': 1, 'C': 2, 'D': 3}
Ranking: ['D', 'C', 'B', 'A']
Saved results_scored.csv
              Method  Rank
553   TF-IDF + GloVe     4
558             BERT     4
561            SBERT     4
568           TF-IDF     4
1538  TF-IDF + GloVe     4
1543            BERT     4
1546           SBERT     4
1553          TF-IDF     4
Selected query=“Psalms that express deep lament and trust in God simultaneously during periods of persecution and feeling abandoned”
Selected rank=4
Rows returned=4
RAW: 'A'
RAW: 'X'
RAW: 'A'
RAW: 'X'
RAW: 'A'
RAW: 'A'
Wins: {'A': 3, 'B': 1, 'C': 0, 'D': 2}
Ranking: ['A', 'D', 'B', 'C']
Saved results_scored.csv
              Method  Rank
592   TF-IDF + GloVe     3
597             BERT     3
603            SBERT     3
607           TF-IDF     3
1577  TF-IDF + GloVe     3
1582            BERT     3
1588           SBERT     3
1592          TF-IDF     3
Selected query=Find psalms that describe God as a refuge and protector in the context of enemies, oppression, or danger, emphasizing both emotional dependence and divine justice
Selected rank=3
Rows returned=4
RAW: 'X'
RAW: 'A'
RAW: 'A'
RAW: 'X'
RAW: 'X'
RAW: 'A'
Wins: {'A': 3, 'B': 2, 'C': 0, 'D': 1}
Ranking: ['A', 'B', 'D', 'C']
Saved results_scored.csv
              Method  Rank
611   TF-IDF + GloVe     2
616             BERT     2
623            SBERT     2
626           TF-IDF     2
1596  TF-IDF + GloVe     2
1601            BERT     2
1608           SBERT     2
1611          TF-IDF     2
Selected query=Which psalms focus on repentance and moral failure, where the psalmist confesses sin, acknowledges personal guilt, and pleads for inner spiritual renewal and cleansing
Selected rank=2
Rows returned=4
RAW: 'A'
RAW: 'X'
RAW: 'A'
RAW: 'A'
RAW: 'A'
RAW: 'X'
Wins: {'A': 2, 'B': 1, 'C': 2, 'D': 1}
Ranking: ['A', 'C', 'B', 'D']
Saved results_scored.csv
              Method  Rank
433   TF-IDF + GloVe     4
438             BERT     4
444            SBERT     4
448           TF-IDF     4
1418  TF-IDF + GloVe     4
1423            BERT     4
1429           SBERT     4
1433          TF-IDF     4
Selected query=“Psalms that contrast human mortality with divine eternity and reflect on the fleeting nature of life”
Selected rank=4
Rows returned=4
RAW: 'A'
RAW: 'A'
RAW: 'X'
RAW: 'A'
RAW: 'A'
RAW: 'A'
Wins: {'A': 2, 'B': 1, 'C': 2, 'D': 1}
Ranking: ['A', 'C', 'B', 'D']
Saved results_scored.csv
              Method  Rank
652   TF-IDF + GloVe     3
657             BERT     3
660            SBERT     3
667           TF-IDF     3
1637  TF-IDF + GloVe     3
1642            BERT     3
1645           SBERT     3
1652          TF-IDF     3
Selected query=Identify psalms that combine themes of suffering, injustice, and confusion about God’s presence, yet still conclude with declarations of hope, faith, or trust in divine deliverance
Selected rank=3
Rows returned=4
RAW: 'A'
RAW: 'X'
RAW: 'A'
RAW: 'A'
RAW: 'A'
RAW: 'X'
Wins: {'A': 1, 'B': 2, 'C': 2, 'D': 1}
Ranking: ['B', 'C', 'A', 'D']
Saved results_scored.csv
     Method  Rank
343    BERT     4
347   SBERT     4
348   SBERT     4
1328   BERT     4
1332  SBERT     4
1333  SBERT     4
Selected query=Forgivness
Selected rank=4
Rows returned=2
RAW: 'X'
Wins: {'A': 0, 'B': 1}
Ranking: ['B', 'A']
Saved results_scored.csv
              Method  Rank
472   TF-IDF + GloVe     3
477             BERT     3
484            SBERT     3
487           TF-IDF     3
1457  TF-IDF + GloVe     3
1462            BERT     3
1469           SBERT     3
1472          TF-IDF     3
Selected query=“Compare psalms that emphasize divine wrath versus psalms that emphasize divine mercy and forgiveness”
Selected rank=3
Rows returned=4
RAW: 'X'
RAW: 'X'
RAW: 'A'
RAW: 'X'
RAW: 'A'
RAW: 'A'
Wins: {'A': 0, 'B': 2, 'C': 3, 'D': 1}
Ranking: ['C', 'B', 'D', 'A']
Saved results_scored.csv
              Method  Rank
774   TF-IDF + GloVe     5
779             BERT     5
781            SBERT     5
789           TF-IDF     5
1759  TF-IDF + GloVe     5
1764            BERT     5
1766           SBERT     5
1774          TF-IDF     5
Selected query=Lord I have cried unto thee
Selected rank=5
Rows returned=4
RAW: 'X'
RAW: 'A'
RAW: 'A'
RAW: 'A'
RAW: 'X'
RAW: 'A'
Wins: {'A': 1, 'B': 1, 'C': 2, 'D': 2}
Ranking: ['C', 'D', 'A', 'B']
Saved results_scored.csv
              Method  Rank
323   TF-IDF + GloVe     4
328             BERT     4
330            SBERT     4
338           TF-IDF     4
1308  TF-IDF + GloVe     4
1313            BERT     4
1315           SBERT     4
1323          TF-IDF     4
Selected query=Be thou exalted, O bridegroom, like unto Abrahaml and be thou blessed, like unto isaac; and do thou multiply like unto Joseph, walking in peace, and keeping the comandments of God in righteousness
Selected rank=4
Rows returned=4
RAW: 'A'
RAW: 'X'
RAW: 'A'
RAW: 'A'
RAW: 'A'
RAW: 'X'
Wins: {'A': 1, 'B': 2, 'C': 2, 'D': 1}
Ranking: ['B', 'C', 'A', 'D']
Saved results_scored.csv
              Method  Rank
750   TF-IDF + GloVe     1
755             BERT     1
760            SBERT     1
765           TF-IDF     1
1735  TF-IDF + GloVe     1
1740            BERT     1
1745           SBERT     1
1750          TF-IDF     1
Selected query=For His mercy endureth forever
Selected rank=1
Rows returned=4
RAW: 'X'
RAW: 'X'
RAW: 'X'
RAW: 'X'
RAW: 'A'
RAW: 'A'
Wins: {'A': 2, 'B': 2, 'C': 0, 'D': 2}
Ranking: ['A', 'B', 'D', 'C']
Saved results_scored.csv
              Method  Rank
224   TF-IDF + GloVe     5
229             BERT     5
230            SBERT     5
239           TF-IDF     5
1209  TF-IDF + GloVe     5
1214            BERT     5
1215           SBERT     5
1224          TF-IDF     5
Selected query=Lord, now lettest thou thy servant depart in peace, according to thy word: for mine eyes have seen thy salvation, which thou hast prepared before the face of all people; a light to lighten the Gentiles, and the glory of thy people Isreal. 
Selected rank=5
Rows returned=4
RAW: 'X'
RAW: 'X'
RAW: 'A'
RAW: 'X'
RAW: 'X'
RAW: 'X'
Wins: {'A': 1, 'B': 1, 'C': 2, 'D': 2}
Ranking: ['C', 'D', 'A', 'B']
Saved results_scored.csv
     Method  Rank
342    BERT     3
349   SBERT     3
1327   BERT     3
1334  SBERT     3
Selected query=Forgivness
Selected rank=3
Rows returned=2
RAW: 'X'
Wins: {'A': 1, 'B': 0}
Ranking: ['A', 'B']
Saved results_scored.csv
              Method  Rank
244   TF-IDF + GloVe     5
249             BERT     5
250            SBERT     5
259           TF-IDF     5
1229  TF-IDF + GloVe     5
1234            BERT     5
1235           SBERT     5
1244          TF-IDF     5
Selected query=O Lord God of my salvation, I have cried day and night before thee: let my prayer come before thee: incline thine ear unto my cry.
Selected rank=5
Rows returned=4
RAW: 'A'
RAW: 'X'
RAW: 'X'
RAW: 'A'
RAW: 'X'
RAW: 'A'
Wins: {'A': 2, 'B': 1, 'C': 1, 'D': 2}
Ranking: ['A', 'D', 'B', 'C']
Saved results_scored.csv
              Method  Rank
220   TF-IDF + GloVe     1
225             BERT     1
234            SBERT     1
235           TF-IDF     1
1205  TF-IDF + GloVe     1
1210            BERT     1
1219           SBERT     1
1220          TF-IDF     1
Selected query=Lord, now lettest thou thy servant depart in peace, according to thy word: for mine eyes have seen thy salvation, which thou hast prepared before the face of all people; a light to lighten the Gentiles, and the glory of thy people Isreal. 
Selected rank=1
Rows returned=4
RAW: 'X'
RAW: 'A'
RAW: 'X'
RAW: 'X'
RAW: 'X'
RAW: 'A'
Wins: {'A': 2, 'B': 0, 'C': 2, 'D': 2}
Ranking: ['A', 'C', 'D', 'B']
Saved results_scored.csv
              Method  Rank
611   TF-IDF + GloVe     2
616             BERT     2
623            SBERT     2
626           TF-IDF     2
1596  TF-IDF + GloVe     2
1601            BERT     2
1608           SBERT     2
1611          TF-IDF     2
Selected query=Which psalms focus on repentance and moral failure, where the psalmist confesses sin, acknowledges personal guilt, and pleads for inner spiritual renewal and cleansing
Selected rank=2
Rows returned=4
RAW: 'A'
RAW: 'X'
RAW: 'X'
RAW: 'X'
RAW: 'A'
RAW: 'A'
Wins: {'A': 2, 'B': 2, 'C': 0, 'D': 2}
Ranking: ['A', 'B', 'D', 'C']
Saved results_scored.csv
     Method  Rank
377    BERT     3
381   SBERT     3
1362   BERT     3
1366  SBERT     3
Selected query=Belief 
Selected rank=3
Rows returned=2
RAW: 'X'
Wins: {'A': 1, 'B': 0}
Ranking: ['A', 'B']
Saved results_scored.csv
              Method  Rank
61    TF-IDF + GloVe     2
66              BERT     2
73             SBERT     2
76            TF-IDF     2
1046  TF-IDF + GloVe     2
1051            BERT     2
1058           SBERT     2
1061          TF-IDF     2
Selected query=How does the psalmist express trust in God while surrounded by fear and uncertainty?
Selected rank=2
Rows returned=4
RAW: 'B'
RAW: 'X'
RAW: 'A'
RAW: 'B'
RAW: 'X'
RAW: 'X'
Wins: {'A': 2, 'B': 1, 'C': 1, 'D': 2}
Ranking: ['A', 'D', 'B', 'C']
Saved results_scored.csv
              Method  Rank
241   TF-IDF + GloVe     2
246             BERT     2
252            SBERT     2
256           TF-IDF     2
1226  TF-IDF + GloVe     2
1231            BERT     2
1237           SBERT     2
1241          TF-IDF     2
Selected query=O Lord God of my salvation, I have cried day and night before thee: let my prayer come before thee: incline thine ear unto my cry.
Selected rank=2
Rows returned=4
RAW: 'X'
RAW: 'X'
RAW: 'X'
RAW: 'A'
RAW: 'X'
RAW: 'X'
Wins: {'A': 1, 'B': 2, 'C': 1, 'D': 2}
Ranking: ['B', 'D', 'A', 'C']
Saved results_scored.csv
              Method  Rank
451   TF-IDF + GloVe     2
456             BERT     2
460            SBERT     2
466           TF-IDF     2
1436  TF-IDF + GloVe     2
1441            BERT     2
1445           SBERT     2
1451          TF-IDF     2
Selected query=“Which psalms use parallelism heavily to emphasize moral contrast between the righteous and the wicked?”
Selected rank=2
Rows returned=4
RAW: 'B'
RAW: 'X'
RAW: 'B'
RAW: 'X'
RAW: 'X'
RAW: 'X'
Wins: {'A': 0, 'B': 3, 'C': 2, 'D': 1}
Ranking: ['B', 'C', 'D', 'A']
Saved results_scored.csv
              Method  Rank
514   TF-IDF + GloVe     5
519             BERT     5
521            SBERT     5
529           TF-IDF     5
1499  TF-IDF + GloVe     5
1504            BERT     5
1506           SBERT     5
1514          TF-IDF     5
Selected query=Find psalms describing repentance after sin, especially where the psalmist acknowledges guilt and asks for inner spiritual cleansing
Selected rank=5
Rows returned=4
RAW: 'A'
RAW: 'A'
RAW: 'X'
RAW: 'A'
RAW: 'A'
RAW: 'A'
Wins: {'A': 1, 'B': 3, 'C': 0, 'D': 2}
Ranking: ['B', 'D', 'A', 'C']
Saved results_scored.csv
              Method  Rank
653   TF-IDF + GloVe     4
658             BERT     4
664            SBERT     4
668           TF-IDF     4
1638  TF-IDF + GloVe     4
1643            BERT     4
1649           SBERT     4
1653          TF-IDF     4
Selected query=Identify psalms that combine themes of suffering, injustice, and confusion about God’s presence, yet still conclude with declarations of hope, faith, or trust in divine deliverance
Selected rank=4
Rows returned=4
RAW: 'A'
RAW: 'X'
RAW: 'A'
RAW: 'X'
RAW: 'A'
RAW: 'X'
Wins: {'A': 0, 'B': 1, 'C': 2, 'D': 3}
Ranking: ['D', 'C', 'B', 'A']
Saved results_scored.csv
     Method  Rank
376    BERT     2
384   SBERT     2
1361   BERT     2
1369  SBERT     2
Selected query=Belief 
Selected rank=2
Rows returned=2
RAW: 'A'
Wins: {'A': 0, 'B': 1}
Ranking: ['B', 'A']
Saved results_scored.csv
              Method  Rank
124   TF-IDF + GloVe     5
129             BERT     5
134            SBERT     5
139           TF-IDF     5
1109  TF-IDF + GloVe     5
1114            BERT     5
1119           SBERT     5
1124          TF-IDF     5
Selected query=prayer
Selected rank=5
Rows returned=4
RAW: 'B'
RAW: 'X'
RAW: 'A'
RAW: 'X'
RAW: 'X'
RAW: 'B'
Wins: {'A': 2, 'B': 2, 'C': 0, 'D': 2}
Ranking: ['A', 'B', 'D', 'C']
Saved results_scored.csv
              Method  Rank
283   TF-IDF + GloVe     4
288             BERT     4
291            SBERT     4
298           TF-IDF     4
1268  TF-IDF + GloVe     4
1273            BERT     4
1276           SBERT     4
1283          TF-IDF     4
Selected query=When the stone had been sealed by the Jews; while the soldiers were guarding Thy most pure Body; Thou didst rise on the third day, O Savior, granting life to the world. The powers of heaven therefore cried to Thee, O Giver of Life: Glory to Thy Resurrection, O Christ! Glory to Thy Kingdom! Glory to Thy dispensation, O Thou who lovest mankind.
Selected rank=4
Rows returned=4
RAW: 'A'
RAW: 'X'
RAW: 'X'
RAW: 'A'
RAW: 'A'
RAW: 'A'
Wins: {'A': 0, 'B': 2, 'C': 1, 'D': 3}
Ranking: ['D', 'B', 'C', 'A']
Saved results_scored.csv
              Method  Rank
64    TF-IDF + GloVe     5
69              BERT     5
74             SBERT     5
79            TF-IDF     5
1049  TF-IDF + GloVe     5
1054            BERT     5
1059           SBERT     5
1064          TF-IDF     5
Selected query=How does the psalmist express trust in God while surrounded by fear and uncertainty?
Selected rank=5
Rows returned=4
RAW: 'A'
RAW: 'X'
RAW: 'A'
RAW: 'X'
RAW: 'X'
RAW: 'A'
Wins: {'A': 0, 'B': 2, 'C': 3, 'D': 1}
Ranking: ['C', 'B', 'D', 'A']
Saved results_scored.csv
              Method  Rank
650   TF-IDF + GloVe     1
655             BERT     1
662            SBERT     1
665           TF-IDF     1
1635  TF-IDF + GloVe     1
1640            BERT     1
1647           SBERT     1
1650          TF-IDF     1
Selected query=Identify psalms that combine themes of suffering, injustice, and confusion about God’s presence, yet still conclude with declarations of hope, faith, or trust in divine deliverance
Selected rank=1
Rows returned=4
RAW: 'A'
RAW: 'A'
RAW: 'A'
RAW: 'A'
RAW: 'A'
RAW: 'X'
Wins: {'A': 2, 'B': 1, 'C': 2, 'D': 1}
Ranking: ['A', 'C', 'B', 'D']
Saved results_scored.csv
              Method  Rank
200   TF-IDF + GloVe     1
205             BERT     1
213            SBERT     1
215           TF-IDF     1
1185  TF-IDF + GloVe     1
1190            BERT     1
1198           SBERT     1
1200          TF-IDF     1
Selected query=Verses where the psalmist remembers past deliverance and uses it to find hope in present trials.
Selected rank=1
Rows returned=4
RAW: 'X'
RAW: 'X'
RAW: 'X'
RAW: 'X'
RAW: 'A'
RAW: 'B'
Wins: {'A': 2, 'B': 1, 'C': 1, 'D': 2}
Ranking: ['A', 'D', 'B', 'C']
Saved results_scored.csv
              Method  Rank
493   TF-IDF + GloVe     4
498             BERT     4
501            SBERT     4
508           TF-IDF     4
1478  TF-IDF + GloVe     4
1483            BERT     4
1486           SBERT     4
1493          TF-IDF     4
Selected query=Psalms containing repeated rhetorical questions directed at God during moments of suffering
Selected rank=4
Rows returned=4
RAW: 'X'
RAW: 'B'
RAW: 'A'
RAW: 'A'
RAW: 'A'
RAW: 'X'
Wins: {'A': 2, 'B': 2, 'C': 2, 'D': 0}
Ranking: ['A', 'B', 'C', 'D']
Saved results_scored.csv
              Method  Rank
834   TF-IDF + GloVe     5
839             BERT     5
841            SBERT     5
849           TF-IDF     5
1819  TF-IDF + GloVe     5
1824            BERT     5
1826           SBERT     5
1834          TF-IDF     5
Selected query=The Lord is my helper; I will not fear what man shall do unto me.
Selected rank=5
Rows returned=4
RAW: 'X'
RAW: 'X'
RAW: 'X'
RAW: 'A'
RAW: 'X'
RAW: 'X'
Wins: {'A': 2, 'B': 0, 'C': 2, 'D': 2}
Ranking: ['A', 'C', 'D', 'B']
Saved results_scored.csv
              Method  Rank
410   TF-IDF + GloVe     1
415             BERT     1
423            SBERT     1
425           TF-IDF     1
1395  TF-IDF + GloVe     1
1400            BERT     1
1408           SBERT     1
1410          TF-IDF     1
Selected query=Love for Mankind
Selected rank=1
Rows returned=4
RAW: 'X'
RAW: 'B'
RAW: 'A'
RAW: 'A'
RAW: 'A'
RAW: 'X'
Wins: {'A': 2, 'B': 1, 'C': 2, 'D': 1}
Ranking: ['A', 'C', 'B', 'D']
Saved results_scored.csv
              Method  Rank
574   TF-IDF + GloVe     5
579             BERT     5
580            SBERT     5
589           TF-IDF     5
1559  TF-IDF + GloVe     5
1564            BERT     5
1565           SBERT     5
1574          TF-IDF     5
Selected query=Psalms that express a transition from deep personal lament and feelings of abandonment to renewed trust and praise, especially where the emotional shift is explicit within the same psalm
Selected rank=5
Rows returned=4
RAW: 'A'
RAW: 'A'
RAW: 'A'
RAW: 'A'
RAW: 'X'
RAW: 'X'
Wins: {'A': 1, 'B': 0, 'C': 3, 'D': 2}
Ranking: ['C', 'D', 'A', 'B']
Saved results_scored.csv
              Method  Rank
3     TF-IDF + GloVe     4
8               BERT     4
11             SBERT     4
18            TF-IDF     4
988   TF-IDF + GloVe     4
993             BERT     4
996            SBERT     4
1003          TF-IDF     4
Selected query=Create in me a clean heart
Selected rank=4
Rows returned=4
RAW: 'A'
RAW: 'X'
RAW: 'X'
RAW: 'X'
RAW: 'A'
RAW: 'X'
Wins: {'A': 1, 'B': 1, 'C': 3, 'D': 1}
Ranking: ['C', 'A', 'B', 'D']
Saved results_scored.csv
              Method  Rank
751   TF-IDF + GloVe     2
756             BERT     2
762            SBERT     2
766           TF-IDF     2
1736  TF-IDF + GloVe     2
1741            BERT     2
1747           SBERT     2
1751          TF-IDF     2
Selected query=For His mercy endureth forever
Selected rank=2
Rows returned=4
RAW: 'A'
RAW: 'X'
RAW: 'A'
RAW: 'X'
RAW: 'X'
RAW: 'X'
Wins: {'A': 1, 'B': 1, 'C': 1, 'D': 3}
Ranking: ['D', 'A', 'B', 'C']
Saved results_scored.csv
              Method  Rank
23    TF-IDF + GloVe     4
28              BERT     4
32             SBERT     4
38            TF-IDF     4
1008  TF-IDF + GloVe     4
1013            BERT     4
1017           SBERT     4
1023          TF-IDF     4
Selected query=For the Peace of the world
Selected rank=4
Rows returned=4
RAW: 'A'
RAW: 'X'
RAW: 'B'
RAW: 'X'
RAW: 'A'
RAW: 'X'
Wins: {'A': 0, 'B': 2, 'C': 1, 'D': 3}
Ranking: ['D', 'B', 'C', 'A']
Saved results_scored.csv
              Method  Rank
181   TF-IDF + GloVe     2
186             BERT     2
192            SBERT     2
196           TF-IDF     2
1166  TF-IDF + GloVe     2
1171            BERT     2
1177           SBERT     2
1181          TF-IDF     2
Selected query=The Lord is my shepherd
Selected rank=2
Rows returned=4
RAW: 'B'
RAW: 'X'
RAW: 'X'
RAW: 'A'
RAW: 'A'
RAW: 'X'
Wins: {'A': 2, 'B': 3, 'C': 1, 'D': 0}
Ranking: ['B', 'A', 'C', 'D']
Saved results_scored.csv
              Method  Rank
773   TF-IDF + GloVe     4
778             BERT     4
782            SBERT     4
788           TF-IDF     4
1758  TF-IDF + GloVe     4
1763            BERT     4
1767           SBERT     4
1773          TF-IDF     4
Selected query=Lord I have cried unto thee
Selected rank=4
Rows returned=4
RAW: 'A'
RAW: 'A'
RAW: 'A'
RAW: 'X'
RAW: 'X'
RAW: 'X'
Wins: {'A': 3, 'B': 1, 'C': 1, 'D': 1}
Ranking: ['A', 'B', 'C', 'D']
Saved results_scored.csv
              Method  Rank
184   TF-IDF + GloVe     5
189             BERT     5
191            SBERT     5
1169  TF-IDF + GloVe     5
1174            BERT     5
1176           SBERT     5
Selected query=The Lord is my shepherd
Selected rank=5
Rows returned=3
RAW: 'X'
RAW: 'B'
RAW: 'A'
Wins: {'A': 1, 'B': 1, 'C': 1}
Ranking: ['A', 'B', 'C']
Saved results_scored.csv
              Method  Rank
511   TF-IDF + GloVe     2
516             BERT     2
523            SBERT     2
526           TF-IDF     2
1496  TF-IDF + GloVe     2
1501            BERT     2
1508           SBERT     2
1511          TF-IDF     2
Selected query=Find psalms describing repentance after sin, especially where the psalmist acknowledges guilt and asks for inner spiritual cleansing
Selected rank=2
Rows returned=4
RAW: 'A'
RAW: 'X'
RAW: 'X'
RAW: 'A'
RAW: 'X'
RAW: 'X'
Wins: {'A': 3, 'B': 2, 'C': 1, 'D': 0}
Ranking: ['A', 'B', 'C', 'D']
Saved results_scored.csv
     Method  Rank
376    BERT     2
384   SBERT     2
1361   BERT     2
1369  SBERT     2
Selected query=Belief 
Selected rank=2
Rows returned=2
RAW: 'B'
Wins: {'A': 0, 'B': 1}
Ranking: ['B', 'A']
Saved results_scored.csv
              Method  Rank
222   TF-IDF + GloVe     3
227             BERT     3
232            SBERT     3
237           TF-IDF     3
1207  TF-IDF + GloVe     3
1212            BERT     3
1217           SBERT     3
1222          TF-IDF     3
Selected query=Lord, now lettest thou thy servant depart in peace, according to thy word: for mine eyes have seen thy salvation, which thou hast prepared before the face of all people; a light to lighten the Gentiles, and the glory of thy people Isreal. 
Selected rank=3
Rows returned=4
RAW: 'A'
RAW: 'A'
RAW: 'A'
RAW: 'X'
RAW: 'X'
RAW: 'X'
Wins: {'A': 1, 'B': 2, 'C': 1, 'D': 2}
Ranking: ['B', 'D', 'A', 'C']
Saved results_scored.csv
              Method  Rank
23    TF-IDF + GloVe     4
28              BERT     4
32             SBERT     4
38            TF-IDF     4
1008  TF-IDF + GloVe     4
1013            BERT     4
1017           SBERT     4
1023          TF-IDF     4
Selected query=For the Peace of the world
Selected rank=4
Rows returned=4
RAW: 'X'
RAW: 'A'
RAW: 'A'
RAW: 'X'
RAW: 'A'
RAW: 'X'
Wins: {'A': 1, 'B': 2, 'C': 1, 'D': 2}
Ranking: ['B', 'D', 'A', 'C']
Saved results_scored.csv
              Method  Rank
510   TF-IDF + GloVe     1
515             BERT     1
522            SBERT     1
525           TF-IDF     1
1495  TF-IDF + GloVe     1
1500            BERT     1
1507           SBERT     1
1510          TF-IDF     1
Selected query=Find psalms describing repentance after sin, especially where the psalmist acknowledges guilt and asks for inner spiritual cleansing
Selected rank=1
Rows returned=4
RAW: 'X'
RAW: 'X'
RAW: 'X'
RAW: 'X'
RAW: 'X'
RAW: 'A'
Wins: {'A': 0, 'B': 2, 'C': 2, 'D': 2}
Ranking: ['B', 'C', 'D', 'A']
Saved results_scored.csv
              Method  Rank
553   TF-IDF + GloVe     4
558             BERT     4
561            SBERT     4
568           TF-IDF     4
1538  TF-IDF + GloVe     4
1543            BERT     4
1546           SBERT     4
1553          TF-IDF     4
Selected query=“Psalms that express deep lament and trust in God simultaneously during periods of persecution and feeling abandoned”
Selected rank=4
Rows returned=4
RAW: 'A'
RAW: 'A'
RAW: 'A'
RAW: 'A'
RAW: 'X'
RAW: 'A'
Wins: {'A': 2, 'B': 1, 'C': 2, 'D': 1}
Ranking: ['A', 'C', 'B', 'D']
Saved results_scored.csv
              Method  Rank
611   TF-IDF + GloVe     2
616             BERT     2
623            SBERT     2
626           TF-IDF     2
1596  TF-IDF + GloVe     2
1601            BERT     2
1608           SBERT     2
1611          TF-IDF     2
Selected query=Which psalms focus on repentance and moral failure, where the psalmist confesses sin, acknowledges personal guilt, and pleads for inner spiritual renewal and cleansing
Selected rank=2
Rows returned=4
RAW: 'A'
RAW: 'X'
RAW: 'A'
RAW: 'X'
RAW: 'A'
RAW: 'A'
Wins: {'A': 2, 'B': 2, 'C': 1, 'D': 1}
Ranking: ['A', 'B', 'C', 'D']
Saved results_scored.csv
              Method  Rank
672   TF-IDF + GloVe     3
677             BERT     3
683            SBERT     3
687           TF-IDF     3
1657  TF-IDF + GloVe     3
1662            BERT     3
1668           SBERT     3
1672          TF-IDF     3
Selected query= Psalms that move from lament and despair to praise and renewed trust in God within the same psalm
Selected rank=3
Rows returned=4
RAW: 'B'
RAW: 'B'
RAW: 'X'
RAW: 'A'
RAW: 'A'
RAW: 'A'
Wins: {'A': 1, 'B': 1, 'C': 2, 'D': 2}
Ranking: ['C', 'D', 'A', 'B']
Saved results_scored.csv
              Method  Rank
694   TF-IDF + GloVe     5
699             BERT     5
701            SBERT     5
709           TF-IDF     5
1679  TF-IDF + GloVe     5
1684            BERT     5
1686           SBERT     5
1694          TF-IDF     5
Selected query=Psalms describing God as a refuge and protector during times of danger, oppression, or attack
Selected rank=5
Rows returned=4
RAW: 'X'
RAW: 'A'
RAW: 'X'
RAW: 'X'
RAW: 'X'
RAW: 'A'
Wins: {'A': 0, 'B': 2, 'C': 2, 'D': 2}
Ranking: ['B', 'C', 'D', 'A']
Saved results_scored.csv
              Method  Rank
610   TF-IDF + GloVe     1
615             BERT     1
622            SBERT     1
625           TF-IDF     1
1595  TF-IDF + GloVe     1
1600            BERT     1
1607           SBERT     1
1610          TF-IDF     1
Selected query=Which psalms focus on repentance and moral failure, where the psalmist confesses sin, acknowledges personal guilt, and pleads for inner spiritual renewal and cleansing
Selected rank=1
Rows returned=4
RAW: 'X'
RAW: 'A'
RAW: 'X'
RAW: 'A'
RAW: 'X'
RAW: 'X'
Wins: {'A': 1, 'B': 1, 'C': 3, 'D': 1}
Ranking: ['C', 'A', 'B', 'D']
Saved results_scored.csv
     Method  Rank
343    BERT     4
347   SBERT     4
348   SBERT     4
1328   BERT     4
1332  SBERT     4
1333  SBERT     4
Selected query=Forgivness
Selected rank=4
Rows returned=2
RAW: 'X'
Wins: {'A': 1, 'B': 0}
Ranking: ['A', 'B']
Saved results_scored.csv
              Method  Rank
161   TF-IDF + GloVe     2
166             BERT     2
171            SBERT     2
176           TF-IDF     2
1146  TF-IDF + GloVe     2
1151            BERT     2
1156           SBERT     2
1161          TF-IDF     2
Selected query=Rejoice, O ye heavens, sound the trumpets, ye foundation of the earth, thunder forth gladness, O ye mountains: for behold, Emmanuel to the Cross our sins, and the Giver of Life hath slain death, raising up Adam; for He loveth mankind.
Selected rank=2
Rows returned=4
RAW: 'A'
RAW: 'A'
RAW: 'X'
RAW: 'A'
RAW: 'A'
RAW: 'A'
Wins: {'A': 2, 'B': 0, 'C': 2, 'D': 2}
Ranking: ['A', 'C', 'D', 'B']
Saved results_scored.csv
              Method  Rank
470   TF-IDF + GloVe     1
475             BERT     1
482            SBERT     1
485           TF-IDF     1
1455  TF-IDF + GloVe     1
1460            BERT     1
1467           SBERT     1
1470          TF-IDF     1
Selected query=“Compare psalms that emphasize divine wrath versus psalms that emphasize divine mercy and forgiveness”
Selected rank=1
Rows returned=4
RAW: 'A'
RAW: 'A'
RAW: 'X'
RAW: 'X'
RAW: 'X'
RAW: 'X'
Wins: {'A': 2, 'B': 1, 'C': 1, 'D': 2}
Ranking: ['A', 'D', 'B', 'C']
Saved results_scored.csv
              Method  Rank
693   TF-IDF + GloVe     4
698             BERT     4
704            SBERT     4
708           TF-IDF     4
1678  TF-IDF + GloVe     4
1683            BERT     4
1689           SBERT     4
1693          TF-IDF     4
Selected query=Psalms describing God as a refuge and protector during times of danger, oppression, or attack
Selected rank=4
Rows returned=4
RAW: 'B'
RAW: 'A'
RAW: 'A'
RAW: 'A'
RAW: 'A'
RAW: 'A'
Wins: {'A': 0, 'B': 1, 'C': 2, 'D': 3}
Ranking: ['D', 'C', 'B', 'A']
Saved results_scored.csv
              Method  Rank
474   TF-IDF + GloVe     5
479             BERT     5
481            SBERT     5
489           TF-IDF     5
1459  TF-IDF + GloVe     5
1464            BERT     5
1466           SBERT     5
1474          TF-IDF     5
Selected query=“Compare psalms that emphasize divine wrath versus psalms that emphasize divine mercy and forgiveness”
Selected rank=5
Rows returned=4
RAW: 'X'
RAW: 'A'
RAW: 'B'
RAW: 'A'
RAW: 'X'
RAW: 'X'
Wins: {'A': 1, 'B': 0, 'C': 2, 'D': 3}
Ranking: ['D', 'C', 'A', 'B']
Saved results_scored.csv
              Method  Rank
730   TF-IDF + GloVe     1
735             BERT     1
743            SBERT     1
745           TF-IDF     1
1715  TF-IDF + GloVe     1
1720            BERT     1
1728           SBERT     1
1730          TF-IDF     1
Selected query=Harken unto my prayer
Selected rank=1
Rows returned=4
RAW: 'X'
RAW: 'A'
RAW: 'A'
RAW: 'X'
RAW: 'A'
RAW: 'X'
Wins: {'A': 2, 'B': 1, 'C': 2, 'D': 1}
Ranking: ['A', 'C', 'B', 'D']
Saved results_scored.csv
              Method  Rank
632   TF-IDF + GloVe     3
637             BERT     3
640            SBERT     3
647           TF-IDF     3
1617  TF-IDF + GloVe     3
1622            BERT     3
1625           SBERT     3
1632          TF-IDF     3
Selected query=Psalms that reflect on human mortality and the fragility of life in contrast with the eternal nature of God, including meditations on time, death, and divine permanence
Selected rank=3
Rows returned=4
RAW: 'X'
RAW: 'A'
RAW: 'X'
RAW: 'X'
RAW: 'X'
RAW: 'A'
Wins: {'A': 1, 'B': 1, 'C': 2, 'D': 2}
Ranking: ['C', 'D', 'A', 'B']
Saved results_scored.csv
              Method  Rank
221   TF-IDF + GloVe     2
226             BERT     2
233            SBERT     2
236           TF-IDF     2
1206  TF-IDF + GloVe     2
1211            BERT     2
1218           SBERT     2
1221          TF-IDF     2
Selected query=Lord, now lettest thou thy servant depart in peace, according to thy word: for mine eyes have seen thy salvation, which thou hast prepared before the face of all people; a light to lighten the Gentiles, and the glory of thy people Isreal. 
Selected rank=2
Rows returned=4
RAW: 'X'
RAW: 'A'
RAW: 'A'
RAW: 'X'
RAW: 'A'
RAW: 'X'
Wins: {'A': 3, 'B': 1, 'C': 2, 'D': 0}
Ranking: ['A', 'C', 'B', 'D']
Saved results_scored.csv
              Method  Rank
750   TF-IDF + GloVe     1
755             BERT     1
760            SBERT     1
765           TF-IDF     1
1735  TF-IDF + GloVe     1
1740            BERT     1
1745           SBERT     1
1750          TF-IDF     1
Selected query=For His mercy endureth forever
Selected rank=1
Rows returned=4
RAW: 'A'
RAW: 'X'
RAW: 'X'
RAW: 'X'
RAW: 'X'
RAW: 'X'
Wins: {'A': 2, 'B': 1, 'C': 1, 'D': 2}
Ranking: ['A', 'D', 'B', 'C']
Saved results_scored.csv
              Method  Rank
284   TF-IDF + GloVe     5
289             BERT     5
290            SBERT     5
299           TF-IDF     5
1269  TF-IDF + GloVe     5
1274            BERT     5
1275           SBERT     5
1284          TF-IDF     5
Selected query=When the stone had been sealed by the Jews; while the soldiers were guarding Thy most pure Body; Thou didst rise on the third day, O Savior, granting life to the world. The powers of heaven therefore cried to Thee, O Giver of Life: Glory to Thy Resurrection, O Christ! Glory to Thy Kingdom! Glory to Thy dispensation, O Thou who lovest mankind.
Selected rank=5
Rows returned=4
RAW: 'A'
RAW: 'A'
RAW: 'X'
RAW: 'A'
RAW: 'X'
RAW: 'A'
Wins: {'A': 3, 'B': 1, 'C': 0, 'D': 2}
Ranking: ['A', 'D', 'B', 'C']
Saved results_scored.csv
              Method  Rank
44    TF-IDF + GloVe     5
49              BERT     5
54             SBERT     5
59            TF-IDF     5
1029  TF-IDF + GloVe     5
1034            BERT     5
1039           SBERT     5
1044          TF-IDF     5
Selected query=Have mercy on me, O God, have mercy on me. For my soul trusts in Thee, and in the shadow of Thy wings will I hope, until iniquity pass away.
Selected rank=5
Rows returned=4
RAW: 'X'
RAW: 'X'
RAW: 'X'
RAW: 'X'
RAW: 'A'
RAW: 'X'
Wins: {'A': 0, 'B': 2, 'C': 2, 'D': 2}
Ranking: ['B', 'C', 'D', 'A']
Saved results_scored.csv
              Method  Rank
773   TF-IDF + GloVe     4
778             BERT     4
782            SBERT     4
788           TF-IDF     4
1758  TF-IDF + GloVe     4
1763            BERT     4
1767           SBERT     4
1773          TF-IDF     4
Selected query=Lord I have cried unto thee
Selected rank=4
Rows returned=4
RAW: 'B'
RAW: 'A'
RAW: 'X'
RAW: 'A'
RAW: 'A'
RAW: 'X'
Wins: {'A': 1, 'B': 1, 'C': 2, 'D': 2}
Ranking: ['C', 'D', 'A', 'B']
Saved results_scored.csv
              Method  Rank
511   TF-IDF + GloVe     2
516             BERT     2
523            SBERT     2
526           TF-IDF     2
1496  TF-IDF + GloVe     2
1501            BERT     2
1508           SBERT     2
1511          TF-IDF     2
Selected query=Find psalms describing repentance after sin, especially where the psalmist acknowledges guilt and asks for inner spiritual cleansing
Selected rank=2
Rows returned=4
RAW: 'A'
RAW: 'A'
RAW: 'X'
RAW: 'X'
RAW: 'X'
RAW: 'A'
Wins: {'A': 2, 'B': 3, 'C': 1, 'D': 0}
Ranking: ['B', 'A', 'C', 'D']
Saved results_scored.csv
              Method  Rank
161   TF-IDF + GloVe     2
166             BERT     2
171            SBERT     2
176           TF-IDF     2
1146  TF-IDF + GloVe     2
1151            BERT     2
1156           SBERT     2
1161          TF-IDF     2
Selected query=Rejoice, O ye heavens, sound the trumpets, ye foundation of the earth, thunder forth gladness, O ye mountains: for behold, Emmanuel to the Cross our sins, and the Giver of Life hath slain death, raising up Adam; for He loveth mankind.
Selected rank=2
Rows returned=4
RAW: 'A'
RAW: 'X'
RAW: 'X'
RAW: 'X'
RAW: 'A'
RAW: 'X'
Wins: {'A': 1, 'B': 3, 'C': 1, 'D': 1}
Ranking: ['B', 'A', 'C', 'D']
Saved results_scored.csv
              Method  Rank
102   TF-IDF + GloVe     3
107             BERT     3
113            SBERT     3
117           TF-IDF     3
1087  TF-IDF + GloVe     3
1092            BERT     3
1098           SBERT     3
1102          TF-IDF     3
Selected query=praise in times of suffering
Selected rank=3
Rows returned=4
RAW: 'X'
RAW: 'X'
RAW: 'X'
RAW: 'X'
RAW: 'A'
RAW: 'X'
Wins: {'A': 2, 'B': 0, 'C': 1, 'D': 3}
Ranking: ['D', 'A', 'C', 'B']
Saved results_scored.csv
     Method  Rank
851    BERT     2
859   SBERT     2
1836   BERT     2
Selected query=Deliverance 
Selected rank=2
Rows returned=2
RAW: 'A'
Wins: {'A': 0, 'B': 1}
Ranking: ['B', 'A']
Saved results_scored.csv
              Method  Rank
830   TF-IDF + GloVe     1
835             BERT     1
840            SBERT     1
845           TF-IDF     1
1815  TF-IDF + GloVe     1
1820            BERT     1
1825           SBERT     1
1830          TF-IDF     1
Selected query=The Lord is my helper; I will not fear what man shall do unto me.
Selected rank=1
Rows returned=4
RAW: 'X'
RAW: 'X'
RAW: 'A'
RAW: 'A'
RAW: 'X'
RAW: 'X'
Wins: {'A': 2, 'B': 1, 'C': 2, 'D': 1}
Ranking: ['A', 'C', 'B', 'D']
Saved results_scored.csv
     Method  Rank
852    BERT     3
857   SBERT     3
1837   BERT     3
Selected query=Deliverance 
Selected rank=3
Rows returned=2
RAW: 'X'
Wins: {'A': 1, 'B': 0}
Ranking: ['A', 'B']
Saved results_scored.csv
              Method  Rank
733   TF-IDF + GloVe     4
738             BERT     4
740            SBERT     4
748           TF-IDF     4
1718  TF-IDF + GloVe     4
1723            BERT     4
1725           SBERT     4
1733          TF-IDF     4
Selected query=Harken unto my prayer
Selected rank=4
Rows returned=4
RAW: 'B'
RAW: 'A'
RAW: 'X'
RAW: 'B'
RAW: 'X'
RAW: 'A'
Wins: {'A': 1, 'B': 2, 'C': 2, 'D': 1}
Ranking: ['B', 'C', 'A', 'D']
Saved results_scored.csv
              Method  Rank
161   TF-IDF + GloVe     2
166             BERT     2
171            SBERT     2
176           TF-IDF     2
1146  TF-IDF + GloVe     2
1151            BERT     2
1156           SBERT     2
1161          TF-IDF     2
Selected query=Rejoice, O ye heavens, sound the trumpets, ye foundation of the earth, thunder forth gladness, O ye mountains: for behold, Emmanuel to the Cross our sins, and the Giver of Life hath slain death, raising up Adam; for He loveth mankind.
Selected rank=2
Rows returned=4
RAW: 'X'
RAW: 'X'
RAW: 'X'
RAW: 'X'
RAW: 'X'
RAW: 'X'
Wins: {'A': 3, 'B': 0, 'C': 2, 'D': 1}
Ranking: ['A', 'C', 'D', 'B']
Saved results_scored.csv
              Method  Rank
124   TF-IDF + GloVe     5
129             BERT     5
134            SBERT     5
139           TF-IDF     5
1109  TF-IDF + GloVe     5
1114            BERT     5
1119           SBERT     5
1124          TF-IDF     5
Selected query=prayer
Selected rank=5
Rows returned=4
RAW: 'X'
RAW: 'X'
RAW: 'X'
RAW: 'X'
RAW: 'A'
RAW: 'X'
Wins: {'A': 1, 'B': 2, 'C': 3, 'D': 0}
Ranking: ['C', 'B', 'A', 'D']
Saved results_scored.csv
              Method  Rank
554   TF-IDF + GloVe     5
559             BERT     5
564            SBERT     5
569           TF-IDF     5
1539  TF-IDF + GloVe     5
1544            BERT     5
1549           SBERT     5
1554          TF-IDF     5
Selected query=“Psalms that express deep lament and trust in God simultaneously during periods of persecution and feeling abandoned”
Selected rank=5
Rows returned=4
RAW: 'X'
RAW: 'X'
RAW: 'X'
RAW: 'A'
RAW: 'X'
RAW: 'X'
Wins: {'A': 2, 'B': 1, 'C': 2, 'D': 1}
Ranking: ['A', 'C', 'B', 'D']
Saved results_scored.csv
     Method  Rank
378    BERT     4
380   SBERT     4
382   SBERT     4
1363   BERT     4
1365  SBERT     4
1367  SBERT     4
Selected query=Belief 
Selected rank=4
Rows returned=2
RAW: 'X'
Wins: {'A': 1, 'B': 0}
Ranking: ['A', 'B']
Saved results_scored.csv
              Method  Rank
1     TF-IDF + GloVe     2
6               BERT     2
14             SBERT     2
16            TF-IDF     2
986   TF-IDF + GloVe     2
991             BERT     2
999            SBERT     2
1001          TF-IDF     2
Selected query=Create in me a clean heart
Selected rank=2
Rows returned=4
RAW: 'A'
RAW: 'X'
RAW: 'X'
RAW: 'X'
RAW: 'X'
RAW: 'X'
Wins: {'A': 1, 'B': 1, 'C': 3, 'D': 1}
Ranking: ['C', 'A', 'B', 'D']
Saved results_scored.csv
     Method  Rank
343    BERT     4
347   SBERT     4
348   SBERT     4
1328   BERT     4
1332  SBERT     4
1333  SBERT     4
Selected query=Forgivness
Selected rank=4
Rows returned=2
RAW: 'A'
Wins: {'A': 1, 'B': 0}
Ranking: ['A', 'B']
Saved results_scored.csv
      Method  Rank
375     BERT     1
383    SBERT     1
385   TF-IDF     1
386   TF-IDF     1
387   TF-IDF     1
388   TF-IDF     1
389   TF-IDF     1
1360    BERT     1
1368   SBERT     1
1370  TF-IDF     1
1371  TF-IDF     1
1372  TF-IDF     1
1373  TF-IDF     1
1374  TF-IDF     1
Selected query=Belief 
Selected rank=1
Rows returned=3
RAW: 'X'
RAW: 'B'
RAW: 'X'
Wins: {'A': 1, 'B': 1, 'C': 1}
Ranking: ['A', 'B', 'C']
Saved results_scored.csv
              Method  Rank
711   TF-IDF + GloVe     2
716             BERT     2
723            SBERT     2
726           TF-IDF     2
1696  TF-IDF + GloVe     2
1701            BERT     2
1708           SBERT     2
1711          TF-IDF     2
Selected query=Attend to my supplication
Selected rank=2
Rows returned=4
RAW: 'X'
RAW: 'A'
RAW: 'X'
RAW: 'X'
RAW: 'X'
RAW: 'X'
Wins: {'A': 1, 'B': 2, 'C': 1, 'D': 2}
Ranking: ['B', 'D', 'A', 'C']
Saved results_scored.csv
              Method  Rank
833   TF-IDF + GloVe     4
838             BERT     4
844            SBERT     4
848           TF-IDF     4
1818  TF-IDF + GloVe     4
1823            BERT     4
1829           SBERT     4
1833          TF-IDF     4
Selected query=The Lord is my helper; I will not fear what man shall do unto me.
Selected rank=4
Rows returned=4
RAW: 'B'
RAW: 'A'
RAW: 'A'
RAW: 'X'
RAW: 'X'
RAW: 'X'
Wins: {'A': 0, 'B': 2, 'C': 2, 'D': 2}
Ranking: ['B', 'C', 'D', 'A']
Saved results_scored.csv
              Method  Rank
241   TF-IDF + GloVe     2
246             BERT     2
252            SBERT     2
256           TF-IDF     2
1226  TF-IDF + GloVe     2
1231            BERT     2
1237           SBERT     2
1241          TF-IDF     2
Selected query=O Lord God of my salvation, I have cried day and night before thee: let my prayer come before thee: incline thine ear unto my cry.
Selected rank=2
Rows returned=4
RAW: 'A'
RAW: 'X'
RAW: 'A'
RAW: 'X'
RAW: 'X'
RAW: 'X'
Wins: {'A': 0, 'B': 1, 'C': 3, 'D': 2}
Ranking: ['C', 'D', 'B', 'A']
Saved results_scored.csv
              Method  Rank
4     TF-IDF + GloVe     5
9               BERT     5
12             SBERT     5
19            TF-IDF     5
989   TF-IDF + GloVe     5
994             BERT     5
997            SBERT     5
1004          TF-IDF     5
Selected query=Create in me a clean heart
Selected rank=5
Rows returned=4
RAW: 'B'
RAW: 'A'
RAW: 'A'
RAW: 'X'
RAW: 'A'
RAW: 'X'
Wins: {'A': 2, 'B': 0, 'C': 3, 'D': 1}
Ranking: ['C', 'A', 'D', 'B']
Saved results_scored.csv
              Method  Rank
513   TF-IDF + GloVe     4
518             BERT     4
524            SBERT     4
528           TF-IDF     4
1498  TF-IDF + GloVe     4
1503            BERT     4
1509           SBERT     4
1513          TF-IDF     4
Selected query=Find psalms describing repentance after sin, especially where the psalmist acknowledges guilt and asks for inner spiritual cleansing
Selected rank=4
Rows returned=4
RAW: 'A'
RAW: 'X'
RAW: 'X'
RAW: 'X'
RAW: 'B'
RAW: 'A'
Wins: {'A': 1, 'B': 3, 'C': 1, 'D': 1}
Ranking: ['B', 'A', 'C', 'D']
Saved results_scored.csv
              Method  Rank
163   TF-IDF + GloVe     4
168             BERT     4
172            SBERT     4
178           TF-IDF     4
1148  TF-IDF + GloVe     4
1153            BERT     4
1157           SBERT     4
1163          TF-IDF     4
Selected query=Rejoice, O ye heavens, sound the trumpets, ye foundation of the earth, thunder forth gladness, O ye mountains: for behold, Emmanuel to the Cross our sins, and the Giver of Life hath slain death, raising up Adam; for He loveth mankind.
Selected rank=4
Rows returned=4
RAW: 'X'
RAW: 'A'
RAW: 'X'
RAW: 'A'
RAW: 'A'
RAW: 'X'
Wins: {'A': 1, 'B': 2, 'C': 2, 'D': 1}
Ranking: ['B', 'C', 'A', 'D']
Saved results_scored.csv
              Method  Rank
355   TF-IDF + GloVe     1
360             BERT     1
365            SBERT     1
370           TF-IDF     1
1340  TF-IDF + GloVe     1
1345            BERT     1
1350           SBERT     1
1355          TF-IDF     1
Selected query=Love
Selected rank=1
Rows returned=4
RAW: 'X'
RAW: 'A'
RAW: 'X'
RAW: 'B'
RAW: 'X'
RAW: 'A'
Wins: {'A': 1, 'B': 1, 'C': 2, 'D': 2}
Ranking: ['C', 'D', 'A', 'B']
Saved results_scored.csv
              Method  Rank
550   TF-IDF + GloVe     1
555             BERT     1
562            SBERT     1
565           TF-IDF     1
1535  TF-IDF + GloVe     1
1540            BERT     1
1547           SBERT     1
1550          TF-IDF     1
Selected query=“Psalms that express deep lament and trust in God simultaneously during periods of persecution and feeling abandoned”
Selected rank=1
Rows returned=4
RAW: 'X'
RAW: 'A'
RAW: 'X'
RAW: 'A'
RAW: 'A'
RAW: 'A'
Wins: {'A': 2, 'B': 2, 'C': 1, 'D': 1}
Ranking: ['A', 'B', 'C', 'D']
Saved results_scored.csv
     Method  Rank
342    BERT     3
349   SBERT     3
1327   BERT     3
1334  SBERT     3
Selected query=Forgivness
Selected rank=3
Rows returned=2
RAW: 'X'
Wins: {'A': 0, 'B': 1}
Ranking: ['B', 'A']
Saved results_scored.csv
              Method  Rank
814   TF-IDF + GloVe     5
819             BERT     5
820            SBERT     5
829           TF-IDF     5
1799  TF-IDF + GloVe     5
1804            BERT     5
1805           SBERT     5
1814          TF-IDF     5
Selected query=God with with us
Selected rank=5
Rows returned=4
RAW: 'A'
RAW: 'A'
RAW: 'A'
RAW: 'X'
RAW: 'A'
RAW: 'A'
Wins: {'A': 2, 'B': 1, 'C': 1, 'D': 2}
Ranking: ['A', 'D', 'B', 'C']
Saved results_scored.csv
              Method  Rank
0     TF-IDF + GloVe     1
5               BERT     1
13             SBERT     1
15            TF-IDF     1
985   TF-IDF + GloVe     1
990             BERT     1
998            SBERT     1
1000          TF-IDF     1
Selected query=Create in me a clean heart
Selected rank=1
Rows returned=4
RAW: 'X'
RAW: 'X'
RAW: 'X'
RAW: 'A'
RAW: 'X'
RAW: 'A'
Wins: {'A': 2, 'B': 1, 'C': 2, 'D': 1}
Ranking: ['A', 'C', 'B', 'D']
Saved results_scored.csv
              Method  Rank
572   TF-IDF + GloVe     3
577             BERT     3
581            SBERT     3
587           TF-IDF     3
1557  TF-IDF + GloVe     3
1562            BERT     3
1566           SBERT     3
1572          TF-IDF     3
Selected query=Psalms that express a transition from deep personal lament and feelings of abandonment to renewed trust and praise, especially where the emotional shift is explicit within the same psalm
Selected rank=3
Rows returned=4
RAW: 'B'
RAW: 'X'
RAW: 'A'
RAW: 'X'
RAW: 'A'
RAW: 'X'
Wins: {'A': 0, 'B': 3, 'C': 2, 'D': 1}
Ranking: ['B', 'C', 'D', 'A']
Saved results_scored.csv
              Method  Rank
411   TF-IDF + GloVe     2
416             BERT     2
421            SBERT     2
426           TF-IDF     2
1396  TF-IDF + GloVe     2
1401            BERT     2
1406           SBERT     2
1411          TF-IDF     2
Selected query=Love for Mankind
Selected rank=2
Rows returned=4
RAW: 'X'
RAW: 'A'
RAW: 'X'
RAW: 'A'
RAW: 'X'
RAW: 'X'
Wins: {'A': 1, 'B': 0, 'C': 3, 'D': 2}
Ranking: ['C', 'D', 'A', 'B']
Saved results_scored.csv
     Method  Rank
341    BERT     2
346   SBERT     2
1326   BERT     2
1331  SBERT     2
Selected query=Forgivness
Selected rank=2
Rows returned=2
RAW: 'A'
Wins: {'A': 1, 'B': 0}
Ranking: ['A', 'B']
Saved results_scored.csv
              Method  Rank
162   TF-IDF + GloVe     3
167             BERT     3
174            SBERT     3
177           TF-IDF     3
1147  TF-IDF + GloVe     3
1152            BERT     3
1159           SBERT     3
1162          TF-IDF     3
Selected query=Rejoice, O ye heavens, sound the trumpets, ye foundation of the earth, thunder forth gladness, O ye mountains: for behold, Emmanuel to the Cross our sins, and the Giver of Life hath slain death, raising up Adam; for He loveth mankind.
Selected rank=3
Rows returned=4
RAW: 'A'
RAW: 'X'
RAW: 'X'
RAW: 'X'
RAW: 'X'
RAW: 'X'
Wins: {'A': 1, 'B': 1, 'C': 2, 'D': 2}
Ranking: ['C', 'D', 'A', 'B']
Saved results_scored.csv
              Method  Rank
571   TF-IDF + GloVe     2
576             BERT     2
582            SBERT     2
586           TF-IDF     2
1556  TF-IDF + GloVe     2
1561            BERT     2
1567           SBERT     2
1571          TF-IDF     2
Selected query=Psalms that express a transition from deep personal lament and feelings of abandonment to renewed trust and praise, especially where the emotional shift is explicit within the same psalm
Selected rank=2
Rows returned=4
RAW: 'A'
RAW: 'A'
RAW: 'A'
RAW: 'A'
RAW: 'A'
RAW: 'A'
Wins: {'A': 1, 'B': 3, 'C': 2, 'D': 0}
Ranking: ['B', 'C', 'A', 'D']
Saved results_scored.csv
              Method  Rank
60    TF-IDF + GloVe     1
65              BERT     1
72             SBERT     1
75            TF-IDF     1
1045  TF-IDF + GloVe     1
1050            BERT     1
1057           SBERT     1
1060          TF-IDF     1
Selected query=How does the psalmist express trust in God while surrounded by fear and uncertainty?
Selected rank=1
Rows returned=4
RAW: 'A'
RAW: 'A'
RAW: 'X'
RAW: 'X'
RAW: 'B'
RAW: 'X'
Wins: {'A': 0, 'B': 2, 'C': 1, 'D': 3}
Ranking: ['D', 'B', 'C', 'A']
Saved results_scored.csv
              Method  Rank
553   TF-IDF + GloVe     4
558             BERT     4
561            SBERT     4
568           TF-IDF     4
1538  TF-IDF + GloVe     4
1543            BERT     4
1546           SBERT     4
1553          TF-IDF     4
Selected query=“Psalms that express deep lament and trust in God simultaneously during periods of persecution and feeling abandoned”
Selected rank=4
Rows returned=4
RAW: 'A'
RAW: 'X'
RAW: 'A'
RAW: 'A'
RAW: 'A'
RAW: 'X'
Wins: {'A': 3, 'B': 1, 'C': 1, 'D': 1}
Ranking: ['A', 'B', 'C', 'D']
Saved results_scored.csv
              Method  Rank
812   TF-IDF + GloVe     3
817             BERT     3
822            SBERT     3
827           TF-IDF     3
1797  TF-IDF + GloVe     3
1802            BERT     3
1807           SBERT     3
1812          TF-IDF     3
Selected query=God with with us
Selected rank=3
Rows returned=4
RAW: 'X'
RAW: 'A'
RAW: 'X'
RAW: 'A'
RAW: 'X'
RAW: 'A'
Wins: {'A': 2, 'B': 2, 'C': 2, 'D': 0}
Ranking: ['A', 'B', 'C', 'D']
Saved results_scored.csv
              Method  Rank
80    TF-IDF + GloVe     1
85              BERT     1
90             SBERT     1
95            TF-IDF     1
1065  TF-IDF + GloVe     1
1070            BERT     1
1075           SBERT     1
1080          TF-IDF     1
Selected query=mercy
Selected rank=1
Rows returned=4
RAW: 'X'
RAW: 'A'
RAW: 'X'
RAW: 'A'
RAW: 'A'
RAW: 'A'
Wins: {'A': 1, 'B': 1, 'C': 2, 'D': 2}
Ranking: ['C', 'D', 'A', 'B']
Saved results_scored.csv
              Method  Rank
64    TF-IDF + GloVe     5
69              BERT     5
74             SBERT     5
79            TF-IDF     5
1049  TF-IDF + GloVe     5
1054            BERT     5
1059           SBERT     5
1064          TF-IDF     5
Selected query=How does the psalmist express trust in God while surrounded by fear and uncertainty?
Selected rank=5
Rows returned=4
RAW: 'X'
RAW: 'A'
RAW: 'A'
RAW: 'X'
RAW: 'X'
RAW: 'X'
Wins: {'A': 3, 'B': 1, 'C': 1, 'D': 1}
Ranking: ['A', 'B', 'C', 'D']
Saved results_scored.csv
     Method  Rank
342    BERT     3
349   SBERT     3
1327   BERT     3
1334  SBERT     3
Selected query=Forgivness
Selected rank=3
Rows returned=2
RAW: 'X'
Wins: {'A': 0, 'B': 1}
Ranking: ['B', 'A']
Saved results_scored.csv
     Method  Rank
851    BERT     2
859   SBERT     2
1836   BERT     2
Selected query=Deliverance 
Selected rank=2
Rows returned=2
RAW: 'X'
Wins: {'A': 1, 'B': 0}
Ranking: ['A', 'B']
Saved results_scored.csv
              Method  Rank
471   TF-IDF + GloVe     2
476             BERT     2
483            SBERT     2
486           TF-IDF     2
1456  TF-IDF + GloVe     2
1461            BERT     2
1468           SBERT     2
1471          TF-IDF     2
Selected query=“Compare psalms that emphasize divine wrath versus psalms that emphasize divine mercy and forgiveness”
Selected rank=2
Rows returned=4
RAW: 'A'
RAW: 'X'
RAW: 'X'
RAW: 'A'
RAW: 'X'
RAW: 'A'
Wins: {'A': 0, 'B': 1, 'C': 3, 'D': 2}
Ranking: ['C', 'D', 'B', 'A']
Saved results_scored.csv
              Method  Rank
41    TF-IDF + GloVe     2
46              BERT     2
52             SBERT     2
56            TF-IDF     2
1026  TF-IDF + GloVe     2
1031            BERT     2
1037           SBERT     2
1041          TF-IDF     2
Selected query=Have mercy on me, O God, have mercy on me. For my soul trusts in Thee, and in the shadow of Thy wings will I hope, until iniquity pass away.
Selected rank=2
Rows returned=4
RAW: 'A'
RAW: 'X'
RAW: 'A'
RAW: 'A'
RAW: 'A'
RAW: 'A'
Wins: {'A': 1, 'B': 2, 'C': 1, 'D': 2}
Ranking: ['B', 'D', 'A', 'C']
Saved results_scored.csv
     Method  Rank
342    BERT     3
349   SBERT     3
1327   BERT     3
1334  SBERT     3
Selected query=Forgivness
Selected rank=3
Rows returned=2
RAW: 'A'
Wins: {'A': 1, 'B': 0}
Ranking: ['A', 'B']
Saved results_scored.csv
      Method  Rank
850     BERT     1
855    SBERT     1
860   TF-IDF     1
861   TF-IDF     1
862   TF-IDF     1
863   TF-IDF     1
864   TF-IDF     1
1835    BERT     1
Selected query=Deliverance 
Selected rank=1
Rows returned=3
RAW: 'B'
RAW: 'A'
RAW: 'X'
Wins: {'A': 0, 'B': 2, 'C': 1}
Ranking: ['B', 'C', 'A']
Saved results_scored.csv
              Method  Rank
792   TF-IDF + GloVe     3
797             BERT     3
803            SBERT     3
804            SBERT     3
807           TF-IDF     3
1777  TF-IDF + GloVe     3
1782            BERT     3
1788           SBERT     3
1789           SBERT     3
1792          TF-IDF     3
Selected query=Have Mercy on me
Selected rank=3
Rows returned=4
RAW: 'X'
RAW: 'B'
RAW: 'B'
RAW: 'A'
RAW: 'A'
RAW: 'X'
Wins: {'A': 2, 'B': 1, 'C': 0, 'D': 3}
Ranking: ['D', 'A', 'B', 'C']
Saved results_scored.csv
              Method  Rank
690   TF-IDF + GloVe     1
695             BERT     1
702            SBERT     1
705           TF-IDF     1
1675  TF-IDF + GloVe     1
1680            BERT     1
1687           SBERT     1
1690          TF-IDF     1
Selected query=Psalms describing God as a refuge and protector during times of danger, oppression, or attack
Selected rank=1
Rows returned=4
RAW: 'A'
RAW: 'A'
RAW: 'X'
RAW: 'X'
RAW: 'X'
RAW: 'X'
Wins: {'A': 1, 'B': 2, 'C': 0, 'D': 3}
Ranking: ['D', 'B', 'A', 'C']
Saved results_scored.csv
              Method  Rank
392   TF-IDF + GloVe     3
397             BERT     3
401            SBERT     3
402            SBERT     3
407           TF-IDF     3
1377  TF-IDF + GloVe     3
1382            BERT     3
1386           SBERT     3
1387           SBERT     3
1392          TF-IDF     3
Selected query=Transgression
Selected rank=3
Rows returned=4
RAW: 'B'
RAW: 'X'
RAW: 'A'
RAW: 'X'
RAW: 'A'
RAW: 'B'
Wins: {'A': 0, 'B': 2, 'C': 2, 'D': 2}
Ranking: ['B', 'C', 'D', 'A']
Saved results_scored.csv
              Method  Rank
814   TF-IDF + GloVe     5
819             BERT     5
820            SBERT     5
829           TF-IDF     5
1799  TF-IDF + GloVe     5
1804            BERT     5
1805           SBERT     5
1814          TF-IDF     5
Selected query=God with with us
Selected rank=5
Rows returned=4
RAW: 'A'
RAW: 'B'
RAW: 'X'
RAW: 'X'
RAW: 'X'
RAW: 'A'
Wins: {'A': 1, 'B': 2, 'C': 3, 'D': 0}
Ranking: ['C', 'B', 'A', 'D']
Saved results_scored.csv
              Method  Rank
21    TF-IDF + GloVe     2
26              BERT     2
31             SBERT     2
36            TF-IDF     2
1006  TF-IDF + GloVe     2
1011            BERT     2
1016           SBERT     2
1021          TF-IDF     2
Selected query=For the Peace of the world
Selected rank=2
Rows returned=4
RAW: 'X'
RAW: 'X'
RAW: 'X'
RAW: 'X'
RAW: 'X'
RAW: 'B'
Wins: {'A': 1, 'B': 1, 'C': 3, 'D': 1}
Ranking: ['C', 'A', 'B', 'D']
Saved results_scored.csv
              Method  Rank
223   TF-IDF + GloVe     4
228             BERT     4
231            SBERT     4
238           TF-IDF     4
1208  TF-IDF + GloVe     4
1213            BERT     4
1216           SBERT     4
1223          TF-IDF     4
Selected query=Lord, now lettest thou thy servant depart in peace, according to thy word: for mine eyes have seen thy salvation, which thou hast prepared before the face of all people; a light to lighten the Gentiles, and the glory of thy people Isreal. 
Selected rank=4
Rows returned=4
RAW: 'X'
RAW: 'A'
RAW: 'X'
RAW: 'X'
RAW: 'A'
RAW: 'X'
Wins: {'A': 0, 'B': 1, 'C': 3, 'D': 2}
Ranking: ['C', 'D', 'B', 'A']
Saved results_scored.csv
              Method  Rank
831   TF-IDF + GloVe     2
836             BERT     2
842            SBERT     2
846           TF-IDF     2
1816  TF-IDF + GloVe     2
1821            BERT     2
1827           SBERT     2
1831          TF-IDF     2
Selected query=The Lord is my helper; I will not fear what man shall do unto me.
Selected rank=2
Rows returned=4
RAW: 'X'
RAW: 'X'
RAW: 'A'
RAW: 'X'
RAW: 'X'
RAW: 'X'
Wins: {'A': 1, 'B': 2, 'C': 1, 'D': 2}
Ranking: ['B', 'D', 'A', 'C']
Saved results_scored.csv
              Method  Rank
714   TF-IDF + GloVe     5
719             BERT     5
720            SBERT     5
729           TF-IDF     5
1699  TF-IDF + GloVe     5
1704            BERT     5
1705           SBERT     5
1714          TF-IDF     5
Selected query=Attend to my supplication
Selected rank=5
Rows returned=4
RAW: 'X'
RAW: 'A'
RAW: 'X'
RAW: 'X'
RAW: 'A'
RAW: 'X'
Wins: {'A': 2, 'B': 2, 'C': 0, 'D': 2}
Ranking: ['A', 'B', 'D', 'C']
Saved results_scored.csv
              Method  Rank
730   TF-IDF + GloVe     1
735             BERT     1
743            SBERT     1
745           TF-IDF     1
1715  TF-IDF + GloVe     1
1720            BERT     1
1728           SBERT     1
1730          TF-IDF     1
Selected query=Harken unto my prayer
Selected rank=1
Rows returned=4
RAW: 'X'
RAW: 'X'
RAW: 'X'
RAW: 'X'
RAW: 'A'
RAW: 'X'
Wins: {'A': 2, 'B': 2, 'C': 0, 'D': 2}
Ranking: ['A', 'B', 'D', 'C']
Saved results_scored.csv
              Method  Rank
141   TF-IDF + GloVe     2
146             BERT     2
152            SBERT     2
156           TF-IDF     2
157           TF-IDF     2
158           TF-IDF     2
159           TF-IDF     2
1126  TF-IDF + GloVe     2
1131            BERT     2
1137           SBERT     2
1141          TF-IDF     2
1142          TF-IDF     2
1143          TF-IDF     2
1144          TF-IDF     2
Selected query=protection from enemies
Selected rank=2
Rows returned=4
RAW: 'B'
RAW: 'X'
RAW: 'X'
RAW: 'X'
RAW: 'A'
RAW: 'B'
Wins: {'A': 1, 'B': 3, 'C': 0, 'D': 2}
Ranking: ['B', 'D', 'A', 'C']
Saved results_scored.csv
              Method  Rank
393   TF-IDF + GloVe     4
398             BERT     4
403            SBERT     4
408           TF-IDF     4
1378  TF-IDF + GloVe     4
1383            BERT     4
1388           SBERT     4
1393          TF-IDF     4
Selected query=Transgression
Selected rank=4
Rows returned=4
RAW: 'B'
RAW: 'X'
RAW: 'X'
RAW: 'X'
RAW: 'X'
RAW: 'A'
Wins: {'A': 2, 'B': 1, 'C': 1, 'D': 2}
Ranking: ['A', 'D', 'B', 'C']
Saved results_scored.csv

Ranking Frequencies
----------------------------------------
ABCD: 60 (12.00%)
BCAD: 35 (7.00%)
CDAB: 35 (7.00%)
BDAC: 33 (6.60%)
ADBC: 32 (6.40%)
CABD: 29 (5.80%)
ACBD: 28 (5.60%)
BCDA: 23 (4.60%)
BACD: 22 (4.40%)
ACDB: 19 (3.80%)
ABDC: 19 (3.80%)
BA: 18 (3.60%)
AB: 18 (3.60%)
DABC: 17 (3.40%)
CDBA: 10 (2.00%)
CBDA: 10 (2.00%)
DACB: 9 (1.80%)
DBCA: 9 (1.80%)
ADCB: 8 (1.60%)
ABC: 7 (1.40%)
DCBA: 7 (1.40%)
CBAD: 7 (1.40%)
BADC: 6 (1.20%)
BDCA: 6 (1.20%)
DCAB: 5 (1.00%)
A: 5 (1.00%)
DBAC: 4 (0.80%)
ACB: 4 (0.80%)
CADB: 4 (0.80%)
CAB: 3 (0.60%)
BAC: 3 (0.60%)
BCA: 3 (0.60%)
CBA: 2 (0.40%)
Remaining rows: 879
Finished scoring.
----------- Job 309177 complete
